,datetime
0,2017-05-08 11:00:00
1,2017-05-08 10:00:00
2,2017-05-08 09:00:00
3,2017-05-08 08:00:00
4,2017-05-08 07:00:00
5,2017-05-08 06:00:00
6,2017-05-08 05:00:00
7,2017-05-08 04:00:00
8,2017-05-08 03:00:00
9,2017-05-08 02:00:00
10,2017-05-08 01:00:00
11,2017-05-08 00:00:00
12,2017-05-07 23:00:00
13,2017-05-07 22:00:00
14,2017-05-07 21:00:00
15,2017-05-07 20:00:00
16,2017-05-07 19:00:00
17,2017-05-07 18:00:00
18,2002-09-08 02:00:00
19,2002-09-08 01:00:00
20,2017-09-25 16:00:00
21,2017-09-25 15:00:00
22,2017-09-25 14:00:00
23,2017-09-25 13:00:00
24,2017-09-25 12:00:00
25,2017-09-25 11:00:00
26,2017-09-25 10:00:00
27,2017-09-25 09:00:00
28,2017-09-25 08:00:00
29,2017-09-25 07:00:00
30,2017-09-25 06:00:00
31,2017-09-25 05:00:00
32,2017-09-25 04:00:00
33,2017-09-25 03:00:00
34,2017-09-25 02:00:00
35,2017-09-25 01:00:00
36,2008-08-29 17:00:00
37,2008-08-29 16:00:00
38,2008-08-29 15:00:00
39,2008-08-29 14:00:00
40,2008-08-29 13:00:00
41,2008-08-29 12:00:00
42,2008-08-29 11:00:00
43,2008-08-29 10:00:00
44,2008-08-29 09:00:00
45,2008-08-29 08:00:00
46,2008-08-29 07:00:00
47,2008-08-29 06:00:00
48,2008-08-29 05:00:00
49,2008-08-29 04:00:00
50,2008-08-29 03:00:00
51,2008-08-29 02:00:00
52,2008-08-29 01:00:00
53,2008-08-29 21:00:00
54,2008-08-29 20:00:00
55,2008-08-29 19:00:00
56,2008-08-29 18:00:00
74,2000-10-22 23:00:00
75,2000-10-22 22:00:00
76,2000-10-22 21:00:00
77,2000-10-22 20:00:00
78,2000-10-22 19:00:00
79,2000-10-22 18:00:00
80,2000-10-22 17:00:00
81,2000-10-22 16:00:00
82,2000-10-22 15:00:00
83,2000-10-22 14:00:00
84,2000-10-22 13:00:00
85,2000-10-22 12:00:00
86,2000-10-22 11:00:00
87,2000-10-22 10:00:00
88,2000-10-22 09:00:00
89,2000-10-22 08:00:00
90,2000-10-22 07:00:00
91,2000-10-22 06:00:00
92,2000-10-22 05:00:00
93,2013-09-11 00:00:00
94,2013-09-10 23:00:00
95,2013-09-10 22:00:00
96,2013-09-10 21:00:00
97,2013-09-10 20:00:00
98,2013-09-10 19:00:00
99,2013-09-10 18:00:00
100,2013-09-10 17:00:00
101,2013-09-10 16:00:00
102,2013-09-10 15:00:00
103,2013-09-10 14:00:00
104,2013-09-10 13:00:00
105,2013-09-10 12:00:00
106,2013-09-10 11:00:00
107,2013-09-10 10:00:00
108,2013-09-10 09:00:00
109,2013-09-10 08:00:00
110,2013-09-10 07:00:00
111,2013-09-10 06:00:00
112,2013-09-10 05:00:00
113,2013-09-10 04:00:00
114,2013-09-10 03:00:00
115,2013-09-10 02:00:00
116,2013-09-10 01:00:00
117,2010-07-24 10:00:00
118,2010-07-24 09:00:00
119,2010-07-24 08:00:00
120,2010-07-24 07:00:00
121,2010-07-24 06:00:00
122,2010-07-24 05:00:00
123,2010-07-24 04:00:00
124,2010-07-24 03:00:00
125,2010-07-24 02:00:00
126,2010-07-24 01:00:00
127,2010-07-24 00:00:00
128,2010-07-23 23:00:00
129,2010-07-23 22:00:00
130,2010-07-23 21:00:00
131,2010-07-23 20:00:00
132,2010-07-23 19:00:00
133,2010-07-23 18:00:00
134,2010-07-23 17:00:00
135,2010-07-23 16:00:00
136,2010-07-23 15:00:00
137,2010-07-23 14:00:00
138,2010-07-23 13:00:00
139,2010-07-23 12:00:00
140,2015-05-20 03:00:00
141,2015-05-20 02:00:00
142,2015-05-20 01:00:00
143,2015-05-20 00:00:00
144,2015-05-19 23:00:00
145,2015-05-19 22:00:00
146,2015-05-19 21:00:00
147,2015-05-19 20:00:00
148,2015-05-19 19:00:00
149,2015-05-19 18:00:00
150,2015-05-19 17:00:00
151,2015-05-19 16:00:00
152,2015-05-19 15:00:00
153,2015-05-19 14:00:00
154,2015-05-19 13:00:00
155,2015-05-19 12:00:00
156,2015-05-19 11:00:00
157,2015-05-19 10:00:00
158,2015-05-19 09:00:00
159,2015-05-19 08:00:00
160,2015-05-19 07:00:00
161,2015-05-19 06:00:00
162,2015-05-19 05:00:00
163,2015-05-19 04:00:00
164,2015-05-19 03:00:00
165,2015-05-19 02:00:00
166,2015-05-19 01:00:00
197,2000-10-22 04:00:00
198,2000-10-22 03:00:00
199,2000-10-22 02:00:00
200,2000-10-22 01:00:00
201,2002-09-07 12:00:00
202,2002-09-07 11:00:00
203,2002-09-07 10:00:00
204,2002-09-07 09:00:00
205,2004-06-16 11:00:00
206,2004-06-16 10:00:00
207,2004-06-16 09:00:00
208,2004-06-16 08:00:00
209,2004-06-16 07:00:00
210,2004-06-16 06:00:00
211,2004-06-16 05:00:00
212,2004-06-16 04:00:00
213,2004-06-16 03:00:00
214,2004-06-16 02:00:00
215,2004-06-16 01:00:00
216,2004-06-16 00:00:00
217,2004-06-15 23:00:00
218,2004-06-15 22:00:00
219,2004-06-15 21:00:00
220,2004-06-15 20:00:00
221,2004-06-15 19:00:00
222,2004-06-15 18:00:00
223,2004-06-15 17:00:00
224,2004-06-15 16:00:00
225,2004-06-15 15:00:00
226,2004-06-15 14:00:00
227,2004-06-15 13:00:00
228,2004-06-15 12:00:00
229,2004-06-15 11:00:00
230,2004-06-15 10:00:00
231,2004-06-15 09:00:00
232,2004-06-15 08:00:00
233,2004-06-15 07:00:00
234,2004-06-15 06:00:00
235,2004-06-15 05:00:00
236,2004-06-15 04:00:00
237,2004-06-15 03:00:00
238,2004-06-15 02:00:00
239,2004-06-15 01:00:00
240,2007-03-22 21:00:00
241,2007-03-22 20:00:00
242,2007-03-22 19:00:00
243,2007-03-22 18:00:00
244,2007-03-22 17:00:00
245,2007-03-22 16:00:00
246,2007-03-22 15:00:00
247,2007-03-22 14:00:00
248,2007-03-22 13:00:00
249,2007-03-22 12:00:00
250,2007-03-22 11:00:00
251,2008-10-12 08:00:00
252,2008-10-12 07:00:00
253,2008-10-12 06:00:00
254,2008-10-12 05:00:00
255,2008-10-12 04:00:00
256,2008-10-12 03:00:00
257,2008-10-12 02:00:00
258,2008-10-12 01:00:00
259,2008-10-12 00:00:00
260,2008-10-11 23:00:00
261,2008-10-11 22:00:00
262,2008-10-11 21:00:00
263,2010-07-03 02:00:00
264,2010-07-03 01:00:00
265,2010-07-03 00:00:00
266,2010-07-02 23:00:00
267,2010-07-02 22:00:00
268,2010-07-02 21:00:00
269,2010-07-02 20:00:00
270,2010-07-02 19:00:00
271,2010-07-02 18:00:00
272,2010-07-02 17:00:00
273,2010-07-02 16:00:00
274,2010-07-02 15:00:00
275,2010-07-02 14:00:00
276,2010-07-02 13:00:00
277,2010-07-02 12:00:00
278,2010-07-02 11:00:00
279,2010-07-02 10:00:00
280,2010-07-02 09:00:00
281,2010-07-02 08:00:00
282,2010-07-02 07:00:00
283,2010-07-02 06:00:00
284,2010-07-02 05:00:00
285,2010-07-02 04:00:00
286,2010-07-02 03:00:00
287,2010-07-06 04:00:00
288,2010-07-06 03:00:00
289,2010-07-06 02:00:00
290,2010-07-06 01:00:00
291,2010-07-06 00:00:00
292,2010-07-05 23:00:00
293,2010-07-05 22:00:00
294,2010-07-05 21:00:00
295,2010-07-05 20:00:00
296,2010-07-05 19:00:00
297,2010-07-05 18:00:00
298,2010-07-05 17:00:00
299,2010-07-05 16:00:00
300,2010-07-05 15:00:00
301,2010-07-05 14:00:00
302,2010-07-05 13:00:00
303,2010-07-05 12:00:00
304,2010-07-05 11:00:00
305,2010-07-05 10:00:00
306,2010-07-05 09:00:00
307,2010-07-05 08:00:00
308,2010-07-05 07:00:00
309,2010-07-05 06:00:00
310,2010-07-05 05:00:00
311,2010-07-05 04:00:00
312,2010-07-05 03:00:00
313,2010-07-05 02:00:00
338,2013-09-10 00:00:00
339,2013-09-09 23:00:00
340,2013-09-09 22:00:00
341,2013-09-09 21:00:00
342,2013-09-09 20:00:00
343,2013-09-09 19:00:00
344,2013-09-09 18:00:00
345,2013-09-09 17:00:00
346,2013-09-09 16:00:00
347,2013-09-09 15:00:00
348,2013-09-09 14:00:00
349,2016-06-24 15:00:00
350,2016-06-24 14:00:00
351,2016-06-24 13:00:00
352,2016-06-24 12:00:00
353,2016-06-24 11:00:00
354,2016-06-24 10:00:00
355,2016-06-24 09:00:00
356,2016-06-24 08:00:00
357,2016-06-24 07:00:00
358,2016-06-24 06:00:00
359,2016-06-24 05:00:00
360,2016-06-24 04:00:00
361,2016-06-24 03:00:00
362,2016-06-24 02:00:00
363,2016-06-24 01:00:00
364,2016-06-24 00:00:00
365,2016-06-23 23:00:00
366,2016-06-23 22:00:00
367,2016-06-23 21:00:00
368,2016-06-23 20:00:00
369,2016-06-23 19:00:00
370,2016-06-23 18:00:00
371,2016-06-23 17:00:00
372,2016-06-23 16:00:00
373,2016-06-23 15:00:00
374,2016-06-23 14:00:00
375,2016-06-23 13:00:00
376,2018-06-17 22:00:00
377,2018-06-17 21:00:00
378,2018-06-17 20:00:00
379,2018-06-17 19:00:00
380,2018-06-17 18:00:00
381,2018-06-17 17:00:00
382,2018-06-17 16:00:00
383,2018-06-17 15:00:00
384,2018-06-17 14:00:00
385,2018-06-17 13:00:00
386,2018-06-17 12:00:00
387,2018-06-17 11:00:00
388,2018-06-17 10:00:00
389,2018-06-17 09:00:00
390,2018-06-17 08:00:00
391,2018-06-17 07:00:00
392,2018-06-17 06:00:00
393,2018-06-17 05:00:00
394,2018-06-17 04:00:00
395,2018-06-17 03:00:00
396,2018-06-17 02:00:00
397,2018-06-17 01:00:00
398,2023-10-02 04:00:00
399,2023-10-02 03:00:00
400,2023-10-02 02:00:00
401,2023-10-02 01:00:00
402,2023-10-02 00:00:00
403,2023-10-01 23:00:00
404,2023-10-01 22:00:00
405,2023-10-01 21:00:00
406,2023-10-01 20:00:00
407,2023-10-01 19:00:00
408,2023-10-01 18:00:00
409,2023-10-01 17:00:00
410,2023-10-01 16:00:00
411,2023-10-01 15:00:00
412,2023-10-01 14:00:00
413,2023-10-01 13:00:00
414,2023-10-01 12:00:00
415,2023-10-01 11:00:00
416,2023-10-01 10:00:00
417,2023-10-01 09:00:00
418,2023-10-01 08:00:00
419,2023-10-01 07:00:00
420,2023-10-01 06:00:00
421,2023-10-01 05:00:00
422,2023-10-01 04:00:00
423,2023-10-01 03:00:00
424,2023-10-01 02:00:00
425,2023-10-01 01:00:00
426,2011-07-01 07:00:00
427,2011-07-01 06:00:00
428,2011-07-01 05:00:00
429,2011-07-01 04:00:00
430,2011-07-01 03:00:00
431,2011-07-01 02:00:00
432,2011-07-01 01:00:00
433,2011-07-01 00:00:00
434,2011-06-30 23:00:00
435,2011-06-30 22:00:00
436,2011-06-30 21:00:00
437,2011-06-30 20:00:00
438,2011-06-30 19:00:00
439,2011-06-30 18:00:00
440,2011-06-30 17:00:00
441,2011-06-30 16:00:00
442,2011-06-30 15:00:00
443,2011-06-30 14:00:00
444,2011-06-30 13:00:00
445,2011-06-30 12:00:00
462,2000-10-28 02:00:00
463,2000-10-28 01:00:00
464,2000-10-28 00:00:00
465,2000-10-27 23:00:00
466,2000-10-27 22:00:00
467,2000-10-27 21:00:00
468,2000-10-27 20:00:00
469,2000-10-27 19:00:00
470,2000-10-27 18:00:00
471,2000-10-27 17:00:00
472,2000-10-27 16:00:00
473,2000-10-27 15:00:00
474,2000-10-27 14:00:00
475,2000-10-27 13:00:00
476,2000-10-27 12:00:00
477,2000-10-27 11:00:00
478,2000-10-27 10:00:00
479,2000-10-27 09:00:00
480,2000-10-27 08:00:00
481,2000-10-27 07:00:00
482,2000-10-27 06:00:00
483,2000-10-27 05:00:00
484,2000-10-27 04:00:00
485,2000-10-27 03:00:00
486,2000-10-27 02:00:00
487,2000-10-27 01:00:00
488,2000-10-27 00:00:00
489,2000-10-26 23:00:00
490,2000-10-26 22:00:00
491,2000-10-26 21:00:00
492,2000-10-26 20:00:00
493,2000-10-26 19:00:00
494,2000-10-26 18:00:00
495,2000-10-26 17:00:00
496,2000-10-26 16:00:00
497,2000-10-26 15:00:00
498,2000-10-26 14:00:00
499,2000-10-26 13:00:00
500,2002-07-05 14:00:00
501,2002-07-05 13:00:00
502,2002-07-05 12:00:00
503,2002-07-05 11:00:00
504,2002-07-05 10:00:00
505,2002-07-05 09:00:00
506,2002-07-05 08:00:00
507,2002-07-05 07:00:00
508,2002-07-05 06:00:00
509,2002-07-05 05:00:00
510,2002-07-05 04:00:00
511,2002-07-05 03:00:00
512,2002-07-05 02:00:00
513,2002-07-05 01:00:00
514,2002-07-05 00:00:00
515,2002-07-04 23:00:00
516,2002-07-04 22:00:00
517,2002-07-04 21:00:00
518,2002-07-04 20:00:00
519,2002-07-04 19:00:00
520,2004-06-08 15:00:00
521,2004-06-08 14:00:00
522,2004-06-08 13:00:00
523,2004-06-08 12:00:00
524,2004-06-08 11:00:00
525,2004-06-08 10:00:00
526,2004-06-08 09:00:00
527,2004-06-08 08:00:00
528,2004-06-08 07:00:00
529,2018-06-16 03:00:00
530,2018-06-16 02:00:00
531,2018-06-16 01:00:00
532,2018-06-16 00:00:00
533,2018-06-15 23:00:00
534,2018-06-15 22:00:00
535,2018-06-15 21:00:00
536,2018-06-15 20:00:00
537,2018-06-15 19:00:00
538,2018-06-15 18:00:00
539,2018-06-15 17:00:00
540,2018-06-15 16:00:00
541,2018-06-15 15:00:00
542,2018-06-15 14:00:00
543,2018-06-15 13:00:00
544,2018-06-15 12:00:00
545,2018-06-15 11:00:00
546,2018-06-15 10:00:00
547,2018-06-15 09:00:00
548,2018-06-15 08:00:00
549,2018-06-15 07:00:00
550,2018-06-15 06:00:00
551,2018-06-15 05:00:00
552,2018-06-15 04:00:00
553,2018-06-15 03:00:00
554,2018-06-15 02:00:00
555,2018-06-15 01:00:00
556,2019-05-26 01:00:00
557,2019-05-26 00:00:00
558,2019-05-25 23:00:00
559,2019-05-25 22:00:00
560,2019-05-25 21:00:00
561,2019-05-25 20:00:00
562,2019-05-25 19:00:00
563,2019-05-25 18:00:00
564,2019-05-25 17:00:00
565,2019-05-25 16:00:00
566,2019-05-25 15:00:00
567,2019-05-25 14:00:00
568,2019-05-25 13:00:00
569,2019-05-25 12:00:00
570,2019-05-25 11:00:00
571,2019-05-25 10:00:00
572,2019-05-25 09:00:00
573,2019-05-25 08:00:00
574,2019-05-25 07:00:00
575,2019-05-25 06:00:00
576,2019-05-25 05:00:00
577,2019-05-25 04:00:00
578,2019-05-25 03:00:00
579,2019-05-25 02:00:00
580,2019-05-25 01:00:00
581,2008-08-30 02:00:00
582,2008-08-30 01:00:00
583,2008-08-30 00:00:00
584,2008-08-29 23:00:00
585,2008-08-29 22:00:00
607,2013-09-12 01:00:00
608,2013-09-12 00:00:00
609,2013-09-11 23:00:00
610,2013-09-11 22:00:00
611,2013-09-11 21:00:00
612,2013-09-11 20:00:00
613,2013-09-11 19:00:00
614,2013-09-11 18:00:00
615,2013-09-11 17:00:00
616,2013-09-11 16:00:00
617,2013-09-11 15:00:00
618,2013-09-11 14:00:00
619,2013-09-11 13:00:00
620,2013-09-11 12:00:00
621,2013-09-11 11:00:00
622,2013-09-11 10:00:00
623,2013-09-11 09:00:00
624,2013-09-11 08:00:00
625,2013-09-11 07:00:00
626,2013-09-11 06:00:00
627,2013-09-11 05:00:00
628,2013-09-11 04:00:00
629,2013-09-11 03:00:00
630,2013-09-11 02:00:00
631,2013-09-11 01:00:00
636,2002-07-04 18:00:00
637,2002-07-04 17:00:00
638,2002-07-04 16:00:00
639,2002-07-04 15:00:00
640,2002-07-04 14:00:00
641,2002-07-04 13:00:00
642,2002-07-04 12:00:00
643,2002-07-04 11:00:00
644,2002-07-04 10:00:00
645,2002-07-04 09:00:00
646,2002-07-04 08:00:00
647,2002-07-04 07:00:00
648,2002-07-04 06:00:00
649,2002-07-04 05:00:00
650,2002-07-04 04:00:00
651,2002-07-04 03:00:00
652,2002-07-05 15:00:00
672,2007-06-09 20:00:00
673,2007-06-09 19:00:00
674,2007-06-09 18:00:00
675,2007-06-09 17:00:00
676,2007-06-09 16:00:00
677,2007-06-09 15:00:00
678,2007-06-09 14:00:00
679,2007-06-09 13:00:00
680,2007-06-09 12:00:00
681,2007-06-09 11:00:00
682,2007-06-09 10:00:00
683,2007-06-09 09:00:00
684,2007-06-09 08:00:00
685,2007-06-09 07:00:00
686,2007-06-09 06:00:00
687,2007-06-09 05:00:00
688,2007-06-09 04:00:00
689,2007-06-09 03:00:00
690,2007-06-09 02:00:00
691,2007-06-09 01:00:00
708,2010-09-21 16:00:00
709,2010-09-21 15:00:00
710,2010-09-21 14:00:00
711,2010-09-21 13:00:00
712,2010-09-21 12:00:00
713,2010-09-21 11:00:00
714,2010-09-21 10:00:00
715,2010-09-21 09:00:00
716,2010-09-21 08:00:00
717,2010-09-21 07:00:00
718,2010-09-21 06:00:00
719,2010-09-21 05:00:00
720,2010-09-21 04:00:00
721,2010-09-21 03:00:00
722,2010-09-21 02:00:00
723,2010-09-21 01:00:00
724,2010-09-21 00:00:00
725,2010-09-20 23:00:00
726,2010-09-20 22:00:00
727,2010-09-20 21:00:00
728,2010-09-20 20:00:00
729,2010-09-20 19:00:00
730,2010-09-20 18:00:00
731,2010-09-20 17:00:00
732,2010-09-20 16:00:00
733,2010-09-20 15:00:00
734,2010-09-20 14:00:00
735,2010-09-20 13:00:00
736,2010-09-20 12:00:00
737,2010-09-20 11:00:00
738,2010-09-20 10:00:00
739,2010-09-20 09:00:00
740,2010-09-20 08:00:00
741,2010-09-20 07:00:00
742,2010-09-20 06:00:00
743,2010-09-20 05:00:00
744,2010-09-20 04:00:00
745,2010-09-20 03:00:00
746,2010-09-20 02:00:00
747,2010-09-20 01:00:00
812,2023-10-01 00:00:00
813,2023-09-30 23:00:00
814,2023-09-30 22:00:00
815,2023-09-30 21:00:00
816,2023-09-30 20:00:00
817,2008-07-05 01:00:00
818,2008-07-05 00:00:00
819,2008-07-04 23:00:00
820,2008-07-04 22:00:00
821,2008-07-04 21:00:00
822,2008-07-04 20:00:00
823,2008-07-04 19:00:00
824,2008-07-04 18:00:00
825,2008-07-04 17:00:00
826,2008-07-04 16:00:00
827,2008-07-04 15:00:00
828,2008-07-04 14:00:00
829,2008-07-04 13:00:00
830,2008-07-04 12:00:00
831,2008-07-04 11:00:00
832,2008-07-04 10:00:00
833,2008-07-04 09:00:00
834,2008-07-04 08:00:00
835,2008-07-04 07:00:00
836,2008-07-04 06:00:00
837,2008-07-04 05:00:00
838,2008-07-04 04:00:00
839,2008-07-04 03:00:00
840,2008-07-04 02:00:00
841,2008-07-04 01:00:00
842,2010-07-03 08:00:00
843,2010-07-03 07:00:00
844,2010-07-03 06:00:00
845,2010-07-03 05:00:00
846,2010-07-03 04:00:00
847,2010-07-03 03:00:00
920,2019-05-25 00:00:00
921,2019-05-24 23:00:00
922,2019-05-24 22:00:00
923,2019-05-24 21:00:00
924,2019-05-24 20:00:00
925,2019-05-24 19:00:00
926,2019-05-24 18:00:00
927,2019-05-24 17:00:00
928,2019-05-24 16:00:00
940,2000-10-22 00:00:00
941,2000-10-21 23:00:00
942,2000-10-21 22:00:00
943,2000-10-21 21:00:00
944,2000-10-21 20:00:00
945,2000-10-21 19:00:00
946,2000-10-21 18:00:00
947,2000-10-21 17:00:00
948,2000-10-21 16:00:00
949,2000-10-21 15:00:00
950,2000-10-21 14:00:00
951,2000-10-21 13:00:00
952,2000-10-21 12:00:00
953,2000-10-21 11:00:00
954,2000-10-21 10:00:00
955,2000-10-21 09:00:00
956,2000-10-21 08:00:00
985,2017-05-08 15:00:00
986,2017-05-08 14:00:00
987,2017-05-08 13:00:00
988,2017-05-08 12:00:00
1007,2017-05-07 17:00:00
1008,2021-06-29 09:00:00
1009,2021-06-29 08:00:00
1010,2021-06-29 07:00:00
1011,2021-06-29 06:00:00
1012,2021-06-29 05:00:00
1013,2021-06-29 04:00:00
1014,2021-06-29 03:00:00
1015,2021-06-29 02:00:00
1016,2021-06-29 01:00:00
1037,2014-07-11 06:00:00
1038,2014-07-11 05:00:00
1039,2014-07-11 04:00:00
1040,2014-07-11 03:00:00
1041,2014-07-11 02:00:00
1042,2014-07-11 01:00:00
1043,2014-07-11 00:00:00
1044,2014-07-10 23:00:00
1045,2014-07-10 22:00:00
1046,2014-07-10 21:00:00
1047,2014-07-10 20:00:00
1048,2021-05-22 02:00:00
1049,2021-05-22 01:00:00
1050,2021-05-22 00:00:00
1051,2021-05-21 23:00:00
1052,2021-05-21 22:00:00
1053,2021-05-21 21:00:00
1054,2021-05-21 20:00:00
1055,2021-05-21 19:00:00
1056,2021-05-21 18:00:00
1057,2021-05-21 17:00:00
1058,2021-05-21 16:00:00
1059,2021-05-21 15:00:00
1060,2021-05-21 14:00:00
1061,2021-05-21 13:00:00
1062,2021-05-21 12:00:00
1063,2021-05-21 11:00:00
1064,2021-05-21 10:00:00
1065,2021-05-21 09:00:00
1066,2021-05-21 08:00:00
1067,2021-05-21 07:00:00
1068,2021-05-21 06:00:00
1069,2021-05-21 05:00:00
1070,2021-05-21 04:00:00
1071,2021-05-21 03:00:00
1072,2021-05-21 02:00:00
1073,2021-05-21 01:00:00
1074,2021-05-21 00:00:00
1075,2021-05-20 23:00:00
1076,2021-05-20 22:00:00
1077,2021-05-20 21:00:00
1078,2021-05-20 20:00:00
1079,2021-05-20 19:00:00
1080,2021-05-20 18:00:00
1081,2021-05-20 17:00:00
1082,2021-05-20 16:00:00
1083,2021-05-20 15:00:00
1084,2021-05-20 14:00:00
1085,2021-05-20 13:00:00
1086,2021-05-20 12:00:00
1087,2021-05-20 11:00:00
1088,2021-05-20 10:00:00
1089,2021-05-20 09:00:00
1090,2021-05-20 08:00:00
1091,2021-05-20 07:00:00
1092,2021-05-20 06:00:00
1093,2021-05-20 05:00:00
1094,2021-05-20 04:00:00
1095,2021-05-20 03:00:00
1096,2021-05-20 02:00:00
1097,2021-05-20 01:00:00
1116,2021-06-29 10:00:00
1126,2010-07-04 20:00:00
1127,2010-07-04 19:00:00
1128,2010-07-04 18:00:00
1129,2010-07-04 17:00:00
1130,2010-07-04 16:00:00
1131,2010-07-04 15:00:00
1132,2010-07-04 14:00:00
1133,2010-07-04 13:00:00
1134,2010-07-04 12:00:00
1135,2010-07-04 11:00:00
1136,2010-07-04 10:00:00
1137,2010-07-04 09:00:00
1138,2010-07-04 08:00:00
1139,2010-07-04 07:00:00
1140,2010-07-04 06:00:00
1141,2010-07-04 05:00:00
1142,2010-07-04 04:00:00
1143,2010-07-04 03:00:00
1144,2010-07-04 02:00:00
1145,2010-07-04 01:00:00
1146,2013-09-12 20:00:00
1147,2013-09-12 19:00:00
1148,2013-09-12 18:00:00
1149,2013-09-12 17:00:00
1150,2013-09-12 16:00:00
1151,2013-09-12 15:00:00
1152,2013-09-12 14:00:00
1153,2013-09-12 13:00:00
1154,2013-09-12 12:00:00
1155,2013-09-12 11:00:00
1156,2013-09-12 10:00:00
1157,2013-09-12 09:00:00
1158,2013-09-12 08:00:00
1159,2013-09-12 07:00:00
1160,2013-09-12 06:00:00
1161,2013-09-12 05:00:00
1162,2013-09-12 04:00:00
1163,2013-09-12 03:00:00
1164,2013-09-12 02:00:00
1166,2001-06-05 17:00:00
1167,2001-06-05 16:00:00
1168,2001-06-05 15:00:00
1169,2001-06-05 14:00:00
1170,2002-09-07 21:00:00
1171,2002-09-07 20:00:00
1172,2002-09-07 19:00:00
1173,2002-09-07 18:00:00
1174,2002-09-07 17:00:00
1175,2002-09-07 16:00:00
1176,2002-09-07 15:00:00
1177,2002-09-07 14:00:00
1178,2002-09-07 13:00:00
1190,2007-03-22 10:00:00
1191,2007-03-22 09:00:00
1192,2007-03-22 08:00:00
1193,2007-03-22 07:00:00
1194,2007-03-22 06:00:00
1195,2007-03-22 05:00:00
1196,2007-03-22 04:00:00
1197,2007-03-22 03:00:00
1198,2007-03-22 02:00:00
1199,2007-03-22 01:00:00
1200,2007-03-22 00:00:00
1201,2007-03-21 23:00:00
1202,2007-03-21 22:00:00
1203,2007-03-21 21:00:00
1204,2007-03-21 20:00:00
1205,2007-03-21 19:00:00
1206,2007-03-21 18:00:00
1207,2007-03-21 17:00:00
1208,2007-03-21 16:00:00
1209,2007-03-21 15:00:00
1210,2007-03-21 14:00:00
1211,2007-03-21 13:00:00
1212,2007-03-21 05:00:00
1213,2007-03-21 04:00:00
1214,2007-03-21 03:00:00
1215,2007-03-21 02:00:00
1216,2007-03-21 01:00:00
1217,2010-03-07 12:00:00
1218,2010-03-07 11:00:00
1219,2010-03-07 10:00:00
1220,2010-03-07 09:00:00
1221,2010-03-07 08:00:00
1222,2010-03-07 07:00:00
1223,2010-03-07 06:00:00
1224,2010-03-07 05:00:00
1225,2010-03-07 04:00:00
1226,2010-03-07 03:00:00
1227,2010-03-07 02:00:00
1228,2010-08-21 17:00:00
1229,2010-08-21 16:00:00
1230,2010-08-21 15:00:00
1231,2010-08-21 14:00:00
1232,2010-08-21 13:00:00
1233,2010-08-21 12:00:00
1234,2010-08-21 11:00:00
1235,2010-08-21 10:00:00
1236,2010-08-21 09:00:00
1237,2010-08-21 08:00:00
1238,2010-08-21 07:00:00
1239,2010-08-21 06:00:00
1240,2010-08-21 05:00:00
1241,2010-08-21 04:00:00
1242,2010-08-21 03:00:00
1243,2010-08-21 02:00:00
1244,2010-08-21 01:00:00
1245,2010-09-22 00:00:00
1246,2010-09-21 23:00:00
1247,2010-09-21 22:00:00
1248,2010-09-21 21:00:00
1249,2010-09-21 20:00:00
1250,2010-09-21 19:00:00
1251,2010-09-21 18:00:00
1252,2010-09-21 17:00:00
1316,2013-09-09 13:00:00
1317,2013-09-09 12:00:00
1318,2013-09-09 11:00:00
1319,2013-09-09 10:00:00
1320,2013-09-09 09:00:00
1321,2013-09-09 08:00:00
1322,2013-09-09 07:00:00
1323,2013-09-09 06:00:00
1324,2014-07-11 11:00:00
1325,2014-07-11 10:00:00
1326,2014-07-11 09:00:00
1327,2014-07-11 08:00:00
1328,2014-07-11 07:00:00
1340,2014-07-10 19:00:00
1341,2014-07-10 18:00:00
1342,2014-07-10 17:00:00
1343,2014-07-10 16:00:00
1344,2014-07-10 15:00:00
1355,2021-07-23 20:00:00
1356,2021-07-23 19:00:00
1357,2021-07-23 18:00:00
1358,2021-07-23 17:00:00
1359,2021-07-23 16:00:00
1360,2021-07-23 15:00:00
1361,2021-07-23 14:00:00
1362,2021-07-23 13:00:00
1363,2021-07-23 12:00:00
1364,2021-07-23 11:00:00
1365,2021-07-23 10:00:00
1366,2021-07-23 09:00:00
1367,2021-07-23 08:00:00
1368,2021-07-23 07:00:00
1369,2021-07-23 06:00:00
1370,2021-07-23 05:00:00
1371,2021-07-23 04:00:00
1372,2021-07-23 03:00:00
1373,2021-07-23 02:00:00
1374,2021-07-23 01:00:00
1375,2023-07-05 11:00:00
1376,2023-07-05 10:00:00
1377,2023-07-05 09:00:00
1378,2023-07-05 08:00:00
1379,2023-07-05 07:00:00
1380,2023-07-05 06:00:00
1381,2023-07-05 05:00:00
1382,2023-07-05 04:00:00
1383,2023-07-05 03:00:00
1384,2023-07-05 02:00:00
1385,2023-07-05 01:00:00
1386,2023-07-05 00:00:00
1387,2023-07-04 23:00:00
1388,2023-07-04 22:00:00
1389,2023-07-04 21:00:00
1390,2023-07-04 20:00:00
1391,2023-07-04 19:00:00
1392,2023-07-04 18:00:00
1393,2023-07-04 17:00:00
1394,2023-07-04 16:00:00
1395,2023-07-04 15:00:00
1396,2023-07-04 14:00:00
1397,2023-07-04 13:00:00
1398,2023-07-04 12:00:00
1399,2023-07-04 11:00:00
1400,2023-07-04 10:00:00
1401,2023-07-04 09:00:00
1402,2023-07-04 08:00:00
1403,2023-07-04 07:00:00
1428,2000-10-28 05:00:00
1429,2000-10-28 04:00:00
1430,2000-10-28 03:00:00
1466,2008-07-27 00:00:00
1467,2008-07-26 23:00:00
1468,2008-07-26 22:00:00
1469,2008-07-26 21:00:00
1470,2008-07-26 20:00:00
1471,2008-07-26 19:00:00
1472,2008-07-26 18:00:00
1473,2008-07-26 17:00:00
1474,2008-07-26 16:00:00
1475,2008-07-26 15:00:00
1476,2008-07-26 14:00:00
1477,2008-07-26 13:00:00
1478,2008-07-26 12:00:00
1479,2008-07-26 11:00:00
1480,2008-07-26 10:00:00
1481,2008-07-26 09:00:00
1482,2008-07-26 08:00:00
1483,2008-07-26 07:00:00
1484,2008-07-26 06:00:00
1485,2008-07-26 05:00:00
1486,2008-07-26 04:00:00
1487,2008-07-26 03:00:00
1488,2008-07-26 02:00:00
1489,2008-07-26 01:00:00
1490,2011-07-01 13:00:00
1491,2011-07-01 12:00:00
1492,2011-07-01 11:00:00
1493,2011-07-01 10:00:00
1494,2011-07-01 09:00:00
1495,2011-07-01 08:00:00
1510,2022-07-05 04:00:00
1511,2022-07-05 03:00:00
1512,2022-07-05 02:00:00
1513,2022-07-05 01:00:00
1514,2022-07-05 00:00:00
1515,2022-07-04 23:00:00
1516,2022-07-04 22:00:00
1517,2022-07-04 21:00:00
1518,2022-07-04 20:00:00
1519,2022-07-04 19:00:00
1520,2022-07-04 18:00:00
1521,2022-07-04 17:00:00
1522,2022-07-04 16:00:00
1523,2022-07-04 15:00:00
1524,2022-07-04 14:00:00
1525,2022-07-04 13:00:00
1526,2022-07-04 12:00:00
1527,2022-07-04 11:00:00
1528,2022-07-04 10:00:00
1529,2022-07-04 09:00:00
1530,2022-07-04 08:00:00
1531,2022-07-04 07:00:00
1532,2022-07-04 06:00:00
1533,2022-07-04 05:00:00
1534,2022-07-04 04:00:00
1535,2022-07-04 03:00:00
1536,2022-07-04 02:00:00
1537,2022-07-04 01:00:00
1594,2000-10-28 07:00:00
1595,2000-10-28 06:00:00
1644,2007-03-23 01:00:00
1645,2007-03-23 00:00:00
1646,2007-03-22 23:00:00
1647,2007-03-22 22:00:00
1673,2008-10-12 09:00:00
1685,2010-08-22 02:00:00
1686,2010-08-22 01:00:00
1687,2010-08-22 00:00:00
1688,2010-08-21 23:00:00
1689,2010-08-21 22:00:00
1690,2010-08-21 21:00:00
1691,2010-08-21 20:00:00
1692,2010-08-21 19:00:00
1693,2010-08-21 18:00:00
1711,2011-10-07 03:00:00
1712,2011-10-07 02:00:00
1713,2011-10-07 01:00:00
1714,2011-10-07 00:00:00
1715,2011-10-06 23:00:00
1716,2011-10-06 22:00:00
1717,2011-10-06 21:00:00
1718,2011-10-06 20:00:00
1719,2011-10-06 19:00:00
1720,2011-10-06 18:00:00
1721,2011-10-06 17:00:00
1722,2011-10-06 16:00:00
1723,2011-10-06 15:00:00
1724,2011-10-06 14:00:00
1784,2022-07-26 07:00:00
1785,2022-07-26 06:00:00
1786,2022-07-26 05:00:00
1787,2022-07-26 04:00:00
1788,2022-07-26 03:00:00
1789,2022-07-26 02:00:00
1790,2022-07-26 01:00:00
1818,2023-07-04 06:00:00
1827,2010-07-23 11:00:00
1828,2010-07-23 10:00:00
1829,2010-07-23 09:00:00
1830,2010-07-23 08:00:00
1831,2010-07-23 07:00:00
1832,2010-07-23 06:00:00
1833,2010-07-23 05:00:00
1834,2010-07-23 04:00:00
1835,2010-07-23 03:00:00
1836,2010-07-23 02:00:00
1837,2010-07-23 01:00:00
1858,2017-10-03 11:00:00
1859,2017-10-03 10:00:00
1860,2017-10-03 09:00:00
1861,2017-10-03 08:00:00
1862,2017-10-03 07:00:00
1863,2017-10-03 06:00:00
1864,2017-10-03 05:00:00
1865,2017-10-03 04:00:00
1866,2017-10-03 03:00:00
1867,2017-10-03 02:00:00
1868,2017-10-03 01:00:00
1905,2000-10-26 12:00:00
1906,2000-10-26 11:00:00
1907,2000-10-26 10:00:00
1908,2000-10-26 09:00:00
1909,2000-10-26 08:00:00
1910,2000-10-26 07:00:00
1911,2000-10-26 06:00:00
1912,2000-10-26 05:00:00
1931,2001-06-05 19:00:00
1932,2001-06-05 18:00:00
1964,2010-07-05 01:00:00
2024,2014-09-03 20:00:00
2025,2014-09-03 19:00:00
2026,2014-09-03 18:00:00
2027,2014-09-03 17:00:00
2028,2014-09-03 16:00:00
2029,2014-09-03 15:00:00
2030,2014-09-03 14:00:00
2031,2014-09-03 13:00:00
2032,2014-09-03 12:00:00
2033,2014-09-03 11:00:00
2034,2014-09-03 10:00:00
2035,2014-09-03 09:00:00
2036,2014-09-03 08:00:00
2037,2014-09-03 07:00:00
2038,2014-09-03 06:00:00
2085,2019-03-10 18:00:00
2086,2019-03-10 17:00:00
2087,2019-03-10 16:00:00
2088,2019-03-10 15:00:00
2089,2019-03-10 14:00:00
2090,2019-03-10 13:00:00
2091,2019-03-10 12:00:00
2092,2019-03-10 11:00:00
2093,2019-03-10 10:00:00
2094,2019-03-10 09:00:00
2095,2019-03-10 08:00:00
2096,2019-03-10 07:00:00
2097,2019-03-10 06:00:00
2098,2019-03-10 05:00:00
2099,2019-03-10 04:00:00
2100,2019-03-10 03:00:00
2101,2019-03-10 02:00:00
2102,2019-03-10 01:00:00
2116,2001-06-05 20:00:00
2120,2010-05-24 03:00:00
2121,2010-05-24 02:00:00
2122,2010-05-24 01:00:00
2123,2010-05-24 00:00:00
2124,2010-05-23 23:00:00
2125,2010-05-23 22:00:00
2149,2021-05-23 00:00:00
2150,2021-05-22 23:00:00
2151,2021-05-22 22:00:00
2152,2021-05-22 21:00:00
2153,2021-05-22 20:00:00
2154,2021-05-22 19:00:00
2155,2021-05-22 18:00:00
2156,2021-05-22 17:00:00
2157,2021-05-22 16:00:00
2158,2021-05-22 15:00:00
2159,2021-05-22 14:00:00
2160,2021-05-22 13:00:00
2161,2021-05-22 12:00:00
2162,2021-05-22 11:00:00
2163,2021-05-22 10:00:00
2164,2021-05-22 09:00:00
2165,2021-05-22 08:00:00
2166,2021-05-22 07:00:00
2167,2021-05-22 06:00:00
2168,2021-05-22 05:00:00
2169,2021-05-22 04:00:00
2170,2021-05-22 03:00:00
2249,2014-06-26 13:00:00
2250,2014-06-26 12:00:00
2251,2014-06-26 11:00:00
2252,2014-06-26 10:00:00
2253,2014-06-26 09:00:00
2254,2014-06-26 08:00:00
2255,2014-06-26 07:00:00
2256,2014-06-26 06:00:00
2257,2014-06-26 05:00:00
2258,2014-06-26 04:00:00
2259,2014-06-26 03:00:00
2260,2014-06-26 02:00:00
2261,2014-06-26 01:00:00
2295,2019-07-18 20:00:00
2296,2019-07-18 19:00:00
2297,2019-07-18 18:00:00
2298,2019-07-18 17:00:00
2299,2019-07-18 16:00:00
2300,2019-07-18 15:00:00
2301,2019-07-18 14:00:00
2302,2019-07-18 13:00:00
2303,2019-07-18 12:00:00
2304,2019-07-18 11:00:00
2305,2019-07-18 10:00:00
2306,2019-07-18 09:00:00
2307,2019-07-18 08:00:00
2308,2019-07-18 07:00:00
2309,2019-07-18 06:00:00
2310,2019-07-18 05:00:00
2311,2019-07-18 04:00:00
2312,2019-07-18 03:00:00
2313,2019-07-18 02:00:00
2314,2019-07-18 01:00:00
2360,2002-07-04 02:00:00
2361,2002-07-04 01:00:00
2362,2002-07-04 00:00:00
2363,2002-07-03 23:00:00
2364,2002-07-03 22:00:00
2365,2002-07-03 21:00:00
2366,2002-07-03 20:00:00
2367,2002-07-03 19:00:00
2368,2002-07-03 18:00:00
2369,2002-07-03 17:00:00
2370,2002-07-03 16:00:00
2371,2002-07-03 15:00:00
2372,2002-07-03 14:00:00
2373,2002-07-03 13:00:00
2374,2002-07-03 12:00:00
2375,2002-07-03 11:00:00
2376,2002-07-03 10:00:00
2377,2002-07-03 09:00:00
2378,2002-07-03 08:00:00
2379,2002-07-03 07:00:00
2380,2002-07-03 06:00:00
2381,2002-07-03 05:00:00
2382,2002-07-03 04:00:00
2383,2002-07-03 03:00:00
2384,2002-07-03 02:00:00
2385,2002-07-03 01:00:00
2471,2018-06-18 00:00:00
2472,2018-06-17 23:00:00
2495,2018-10-06 18:00:00
2496,2018-10-06 17:00:00
2497,2018-10-06 16:00:00
2498,2018-10-06 15:00:00
2499,2018-10-06 14:00:00
2500,2018-10-06 13:00:00
2501,2018-10-06 12:00:00
2502,2018-10-06 11:00:00
2503,2018-10-06 10:00:00
2504,2018-10-06 09:00:00
2505,2018-10-06 08:00:00
2506,2018-10-06 07:00:00
2507,2018-10-06 06:00:00
2508,2018-10-06 05:00:00
2509,2018-10-06 04:00:00
2510,2018-10-06 03:00:00
2511,2018-10-06 02:00:00
2512,2018-10-06 01:00:00
2513,2018-10-06 00:00:00
2514,2018-10-05 23:00:00
2515,2018-10-05 22:00:00
2516,2018-10-05 21:00:00
2517,2018-10-05 20:00:00
2518,2018-10-05 19:00:00
2519,2018-10-05 18:00:00
2520,2018-10-05 17:00:00
2521,2018-10-05 16:00:00
2522,2018-10-05 15:00:00
2523,2018-10-05 14:00:00
2524,2018-10-05 13:00:00
2525,2018-10-05 12:00:00
2526,2018-10-05 11:00:00
2527,2018-10-05 10:00:00
2528,2018-10-05 09:00:00
2529,2018-10-05 08:00:00
2530,2018-10-05 07:00:00
2531,2018-10-05 06:00:00
2532,2018-10-05 05:00:00
2533,2018-10-05 04:00:00
2534,2018-10-05 03:00:00
2535,2018-10-05 02:00:00
2536,2018-10-05 01:00:00
2550,2008-10-11 20:00:00
2551,2008-10-11 19:00:00
2552,2008-10-11 18:00:00
2553,2008-10-11 17:00:00
2554,2008-10-11 16:00:00
2555,2008-10-11 15:00:00
2556,2008-10-11 14:00:00
2557,2008-10-11 13:00:00
2558,2008-10-11 12:00:00
2559,2008-10-11 11:00:00
2560,2008-10-11 10:00:00
2561,2008-10-11 09:00:00
2562,2008-10-11 08:00:00
2563,2008-10-11 07:00:00
2564,2008-10-11 06:00:00
2565,2008-10-11 05:00:00
2566,2008-10-11 04:00:00
2567,2008-10-11 03:00:00
2568,2008-10-11 02:00:00
2569,2008-10-11 01:00:00
2570,2008-10-11 00:00:00
2571,2008-10-10 23:00:00
2572,2008-10-10 22:00:00
2573,2008-10-10 21:00:00
2574,2008-10-10 20:00:00
2575,2008-10-10 19:00:00
2576,2008-10-10 18:00:00
2577,2008-10-10 17:00:00
2578,2008-10-10 16:00:00
2579,2008-10-10 15:00:00
2580,2008-10-10 14:00:00
2581,2008-10-10 13:00:00
2582,2008-10-10 12:00:00
2583,2008-10-10 11:00:00
2584,2008-10-10 10:00:00
2585,2008-10-10 09:00:00
2586,2008-10-10 08:00:00
2587,2008-10-10 07:00:00
2588,2008-10-10 06:00:00
2589,2008-10-10 05:00:00
2590,2008-10-10 04:00:00
2591,2008-10-10 03:00:00
2592,2008-10-10 02:00:00
2593,2008-10-10 01:00:00
2594,2010-07-03 13:00:00
2595,2010-07-03 12:00:00
2596,2010-07-03 11:00:00
2597,2010-07-03 10:00:00
2598,2010-07-03 09:00:00
2620,2010-07-21 11:00:00
2621,2010-07-21 10:00:00
2622,2010-07-21 09:00:00
2623,2010-07-21 08:00:00
2624,2010-07-21 07:00:00
2625,2010-07-21 06:00:00
2626,2010-07-21 05:00:00
2627,2010-07-21 04:00:00
2628,2010-07-21 03:00:00
2629,2010-07-21 02:00:00
2630,2010-07-21 01:00:00
2631,2010-07-21 00:00:00
2632,2010-07-20 23:00:00
2633,2010-07-20 22:00:00
2634,2010-07-20 21:00:00
2635,2010-07-20 20:00:00
2636,2010-07-20 19:00:00
2637,2010-07-20 18:00:00
2638,2010-07-20 17:00:00
2639,2010-07-20 16:00:00
2640,2010-07-20 15:00:00
2641,2010-07-20 14:00:00
2642,2010-07-20 13:00:00
2643,2010-07-20 12:00:00
2644,2010-07-20 11:00:00
2645,2010-07-20 10:00:00
2646,2010-07-20 09:00:00
2647,2010-07-20 08:00:00
2648,2010-07-20 07:00:00
2649,2010-07-20 06:00:00
2650,2010-07-20 05:00:00
2651,2010-07-20 04:00:00
2652,2010-07-20 03:00:00
2653,2010-07-20 02:00:00
2654,2010-07-20 01:00:00
2664,2019-07-19 14:00:00
2665,2019-07-19 13:00:00
2666,2019-07-19 12:00:00
2667,2019-07-19 11:00:00
2668,2019-07-19 10:00:00
2669,2019-07-19 09:00:00
2670,2019-07-19 08:00:00
2671,2019-07-19 07:00:00
2672,2019-07-19 06:00:00
2673,2019-07-19 05:00:00
2674,2019-07-19 04:00:00
2675,2019-07-19 03:00:00
2676,2019-07-19 02:00:00
2677,2019-07-19 01:00:00
2678,2019-07-19 00:00:00
2679,2019-07-18 23:00:00
2680,2019-07-18 22:00:00
2681,2019-07-18 21:00:00
2701,2001-06-05 04:00:00
2702,2001-06-05 03:00:00
2703,2001-06-05 02:00:00
2704,2001-06-05 01:00:00
2761,2011-10-07 04:00:00
2775,2014-06-26 16:00:00
2776,2014-06-26 15:00:00
2777,2014-06-26 14:00:00
2791,2014-06-26 00:00:00
2792,2014-06-25 23:00:00
2793,2014-06-25 22:00:00
2794,2014-06-25 21:00:00
2795,2014-06-25 20:00:00
2796,2014-06-25 19:00:00
2797,2014-06-25 18:00:00
2798,2014-06-25 17:00:00
2799,2017-09-24 05:00:00
2800,2017-09-24 04:00:00
2801,2017-09-24 03:00:00
2802,2017-09-24 02:00:00
2803,2017-09-24 01:00:00
2804,2017-09-24 00:00:00
2805,2017-09-23 23:00:00
2806,2017-09-23 22:00:00
2807,2017-09-23 21:00:00
2808,2017-09-23 20:00:00
2809,2017-09-23 19:00:00
2810,2017-09-23 18:00:00
2811,2017-09-23 17:00:00
2812,2017-09-23 16:00:00
2813,2017-09-23 15:00:00
2814,2017-09-23 14:00:00
2815,2017-09-23 13:00:00
2816,2017-09-23 12:00:00
2817,2017-09-23 11:00:00
2818,2017-09-23 10:00:00
2819,2017-09-23 09:00:00
2820,2017-09-23 08:00:00
2821,2017-09-23 07:00:00
2822,2017-09-23 06:00:00
2823,2017-09-23 05:00:00
2824,2017-09-23 04:00:00
2825,2017-09-23 03:00:00
2826,2017-09-23 02:00:00
2827,2017-09-23 01:00:00
2828,2017-09-23 00:00:00
2829,2017-09-22 23:00:00
2830,2017-09-22 22:00:00
2831,2017-09-22 21:00:00
2832,2017-09-22 20:00:00
2833,2017-09-22 19:00:00
2834,2017-09-22 18:00:00
2835,2017-09-22 17:00:00
2836,2017-09-22 16:00:00
2837,2017-09-22 15:00:00
2838,2017-09-22 14:00:00
2839,2017-09-22 13:00:00
2840,2017-09-22 12:00:00
2841,2017-09-22 11:00:00
2842,2017-09-22 10:00:00
2843,2017-09-22 09:00:00
2849,2021-05-24 02:00:00
2850,2021-05-24 01:00:00
2851,2021-05-24 00:00:00
2852,2021-05-23 23:00:00
2853,2021-05-23 22:00:00
2854,2021-05-23 21:00:00
2855,2021-05-23 20:00:00
2856,2021-05-23 19:00:00
2857,2021-05-23 18:00:00
2858,2021-05-23 17:00:00
2859,2021-05-23 16:00:00
2860,2021-05-23 15:00:00
2861,2021-05-23 14:00:00
2862,2021-05-23 13:00:00
2863,2021-05-23 12:00:00
2864,2021-05-23 11:00:00
2865,2021-05-23 10:00:00
2866,2021-05-23 09:00:00
2867,2021-05-23 08:00:00
2868,2021-05-23 07:00:00
2869,2021-05-23 06:00:00
2870,2021-05-23 05:00:00
2871,2021-05-23 04:00:00
2872,2021-05-23 03:00:00
2873,2021-05-23 02:00:00
2874,2021-05-23 01:00:00
2912,2023-07-04 05:00:00
2913,2023-07-04 04:00:00
2914,2023-07-04 03:00:00
2915,2023-07-04 02:00:00
2916,2023-07-04 01:00:00
2957,2007-03-28 01:00:00
2958,2007-03-28 00:00:00
2959,2007-03-27 23:00:00
2960,2007-03-27 22:00:00
2961,2007-03-27 21:00:00
2962,2007-03-27 20:00:00
2963,2007-03-27 19:00:00
2964,2007-03-27 18:00:00
2965,2007-03-27 17:00:00
2966,2007-03-27 16:00:00
2967,2007-03-27 15:00:00
2968,2007-03-27 14:00:00
2969,2007-03-27 13:00:00
2970,2007-03-27 12:00:00
2971,2007-03-27 11:00:00
2972,2007-03-27 10:00:00
2973,2007-03-27 09:00:00
2974,2007-03-27 08:00:00
2975,2007-03-27 07:00:00
2976,2007-03-27 06:00:00
2977,2007-03-27 05:00:00
2978,2007-03-27 04:00:00
2979,2007-03-27 03:00:00
2980,2007-03-27 02:00:00
2981,2007-03-27 01:00:00
2982,2007-03-27 00:00:00
2983,2008-07-27 02:00:00
2984,2008-07-27 01:00:00
