,datetime
0,2013-10-08 03:00:00
1,2013-10-08 02:00:00
2,2013-10-08 01:00:00
3,2015-12-20 07:00:00
4,2015-12-20 06:00:00
5,2015-12-20 05:00:00
6,2015-12-20 04:00:00
7,2015-12-20 03:00:00
8,2015-12-20 02:00:00
9,2015-12-20 01:00:00
10,2017-04-02 11:00:00
11,2017-04-02 10:00:00
12,2017-04-02 09:00:00
13,2017-04-02 08:00:00
14,2017-04-02 07:00:00
15,2017-04-02 06:00:00
16,2017-04-02 05:00:00
17,2017-04-02 04:00:00
18,2017-04-02 03:00:00
19,2017-04-02 02:00:00
20,2017-04-02 01:00:00
21,2017-04-02 00:00:00
22,2017-04-01 23:00:00
23,2017-04-01 22:00:00
24,2017-04-01 21:00:00
25,2017-04-01 20:00:00
26,2017-04-01 19:00:00
27,2022-12-25 06:00:00
28,2022-12-25 05:00:00
29,2022-12-25 04:00:00
30,2022-12-25 03:00:00
31,2022-12-25 02:00:00
32,2000-05-07 08:00:00
33,2000-05-07 07:00:00
34,2000-05-07 06:00:00
35,2000-05-07 05:00:00
36,2000-05-07 04:00:00
37,2000-05-07 03:00:00
38,2000-05-07 02:00:00
39,2004-04-21 00:00:00
40,2004-04-20 23:00:00
41,2004-04-20 22:00:00
42,2004-04-20 21:00:00
43,2004-04-20 20:00:00
44,2004-04-20 19:00:00
45,2004-04-20 18:00:00
46,2004-04-20 17:00:00
47,2006-09-21 04:00:00
48,2006-09-21 03:00:00
49,2006-09-21 02:00:00
50,2006-09-21 01:00:00
51,2006-09-21 00:00:00
52,2006-09-20 23:00:00
53,2006-09-20 22:00:00
54,2006-09-20 21:00:00
55,2006-09-20 20:00:00
56,2006-09-20 19:00:00
57,2006-09-20 18:00:00
58,2006-09-20 17:00:00
59,2006-09-20 16:00:00
60,2006-09-20 15:00:00
61,2006-09-20 14:00:00
62,2006-09-20 13:00:00
63,2006-09-20 12:00:00
64,2006-09-20 11:00:00
65,2006-09-20 10:00:00
66,2009-12-05 12:00:00
67,2009-12-05 11:00:00
68,2009-12-05 10:00:00
69,2016-01-30 10:00:00
70,2016-01-30 09:00:00
71,2016-01-30 08:00:00
72,2016-01-30 07:00:00
73,2016-01-30 06:00:00
74,2016-01-30 05:00:00
75,2016-01-30 04:00:00
76,2016-01-30 03:00:00
77,2016-01-30 02:00:00
78,2016-01-30 01:00:00
79,2016-01-30 00:00:00
80,2016-01-29 23:00:00
81,2016-01-29 22:00:00
82,2016-01-29 21:00:00
83,2018-04-06 04:00:00
84,2018-04-06 03:00:00
85,2018-04-06 02:00:00
86,2018-04-06 01:00:00
87,2018-04-06 00:00:00
88,2018-04-05 23:00:00
89,2018-04-05 22:00:00
90,2018-04-05 21:00:00
91,2018-04-05 20:00:00
92,2018-04-05 19:00:00
93,2018-04-05 18:00:00
94,2018-04-05 17:00:00
95,2022-12-25 09:00:00
96,2022-12-25 08:00:00
97,2022-12-25 07:00:00
103,2022-12-25 01:00:00
104,2003-09-09 15:00:00
105,2003-09-09 14:00:00
106,2003-09-09 13:00:00
107,2003-09-09 12:00:00
108,2003-09-09 11:00:00
109,2003-09-09 10:00:00
110,2003-09-09 09:00:00
111,2003-09-09 08:00:00
112,2003-09-09 07:00:00
113,2003-09-09 06:00:00
114,2003-09-09 05:00:00
115,2003-09-09 04:00:00
116,2003-09-09 03:00:00
117,2004-11-25 21:00:00
118,2004-11-25 20:00:00
119,2004-11-25 19:00:00
120,2004-11-25 18:00:00
121,2004-11-25 17:00:00
122,2004-11-25 16:00:00
123,2004-11-25 15:00:00
124,2004-11-25 14:00:00
125,2004-11-25 13:00:00
126,2010-10-25 01:00:00
127,2010-10-25 00:00:00
128,2010-10-24 23:00:00
129,2010-10-24 22:00:00
130,2010-10-24 21:00:00
131,2010-10-24 20:00:00
132,2015-12-20 20:00:00
133,2015-12-20 19:00:00
134,2015-12-20 18:00:00
135,2015-12-20 17:00:00
136,2019-03-02 18:00:00
137,2019-03-02 17:00:00
138,2019-03-02 16:00:00
139,2019-03-02 15:00:00
140,2021-10-25 09:00:00
141,2021-10-25 08:00:00
142,2022-10-23 00:00:00
143,2022-10-22 23:00:00
144,2022-10-22 22:00:00
145,2022-10-22 21:00:00
146,2022-10-22 20:00:00
147,2022-10-22 19:00:00
148,2022-10-22 18:00:00
149,2022-10-22 17:00:00
150,2022-10-22 16:00:00
151,2022-10-22 15:00:00
152,2023-04-23 17:00:00
153,2023-04-23 16:00:00
154,2023-04-23 15:00:00
155,2023-04-23 14:00:00
156,2023-04-23 13:00:00
157,2023-04-23 12:00:00
158,2023-04-23 11:00:00
159,2023-04-23 10:00:00
160,2023-04-23 09:00:00
161,2023-04-23 08:00:00
162,2023-04-23 07:00:00
163,2023-04-23 06:00:00
164,2023-04-23 05:00:00
165,2023-04-23 04:00:00
166,2023-04-23 03:00:00
167,2023-04-23 02:00:00
168,2023-04-23 01:00:00
169,2001-05-01 02:00:00
170,2001-05-01 01:00:00
171,2001-05-01 00:00:00
172,2001-04-30 23:00:00
173,2001-04-30 22:00:00
174,2001-04-30 21:00:00
175,2001-04-30 20:00:00
176,2001-04-30 19:00:00
177,2001-04-30 18:00:00
178,2001-04-30 17:00:00
179,2001-04-30 16:00:00
180,2001-04-30 15:00:00
181,2001-04-30 14:00:00
182,2001-04-30 13:00:00
183,2001-04-30 12:00:00
184,2001-04-30 11:00:00
185,2001-04-30 10:00:00
186,2001-04-30 09:00:00
187,2001-04-30 08:00:00
188,2001-04-30 07:00:00
189,2001-04-30 06:00:00
190,2001-04-30 05:00:00
191,2001-04-30 04:00:00
192,2001-04-30 03:00:00
193,2001-04-30 02:00:00
194,2001-04-30 01:00:00
195,2001-10-08 11:00:00
196,2001-10-08 10:00:00
197,2001-10-08 09:00:00
198,2001-10-08 08:00:00
199,2001-10-08 07:00:00
200,2001-10-08 06:00:00
201,2001-10-08 05:00:00
202,2001-10-08 04:00:00
203,2001-10-08 03:00:00
204,2001-10-08 02:00:00
205,2001-10-08 01:00:00
209,2004-11-25 12:00:00
210,2004-11-25 11:00:00
211,2004-11-25 10:00:00
212,2004-11-25 09:00:00
213,2004-11-25 08:00:00
214,2004-11-25 07:00:00
215,2004-11-25 06:00:00
216,2004-11-25 05:00:00
217,2004-11-25 04:00:00
218,2004-11-25 03:00:00
219,2004-11-25 02:00:00
220,2004-11-25 01:00:00
221,2005-06-02 12:00:00
222,2005-06-02 11:00:00
223,2005-06-02 10:00:00
224,2005-06-02 09:00:00
225,2005-06-02 08:00:00
226,2005-06-02 07:00:00
227,2005-06-02 06:00:00
228,2005-06-02 05:00:00
229,2005-06-02 04:00:00
230,2005-06-02 03:00:00
231,2005-06-02 02:00:00
232,2005-06-02 01:00:00
233,2007-10-20 04:00:00
234,2011-04-16 19:00:00
235,2011-04-16 18:00:00
236,2011-04-16 17:00:00
237,2011-04-16 16:00:00
238,2011-04-16 15:00:00
239,2011-04-16 14:00:00
240,2011-04-16 13:00:00
241,2011-04-16 12:00:00
242,2011-04-16 11:00:00
243,2011-04-16 10:00:00
244,2011-04-16 09:00:00
245,2011-04-16 08:00:00
246,2011-04-16 07:00:00
247,2011-04-16 06:00:00
248,2011-04-16 05:00:00
249,2011-04-16 04:00:00
250,2011-04-16 03:00:00
251,2012-12-17 22:00:00
252,2012-12-17 21:00:00
253,2012-12-17 20:00:00
254,2012-12-17 19:00:00
255,2012-12-17 18:00:00
256,2012-12-17 17:00:00
257,2012-12-17 16:00:00
258,2012-12-17 15:00:00
259,2013-12-02 23:00:00
260,2013-12-02 22:00:00
261,2013-12-02 21:00:00
262,2013-12-02 20:00:00
263,2013-12-02 19:00:00
264,2019-06-20 03:00:00
265,2019-06-20 02:00:00
266,2019-06-20 01:00:00
267,2019-06-20 00:00:00
268,2019-06-19 23:00:00
269,2019-06-19 22:00:00
270,2019-06-19 21:00:00
271,2019-06-19 20:00:00
272,2019-06-19 19:00:00
273,2019-06-19 18:00:00
274,2019-06-19 17:00:00
275,2019-06-19 16:00:00
276,2019-06-19 15:00:00
277,2019-06-19 14:00:00
278,2019-06-19 13:00:00
279,2019-06-19 12:00:00
280,2019-06-19 11:00:00
281,2019-06-19 10:00:00
282,2020-02-01 11:00:00
283,2020-02-01 10:00:00
284,2020-02-01 09:00:00
285,2020-02-01 08:00:00
286,2020-02-01 07:00:00
287,2020-02-01 06:00:00
288,2020-02-01 05:00:00
289,2020-02-01 04:00:00
290,2020-02-01 03:00:00
291,2020-02-01 02:00:00
292,2020-12-26 19:00:00
293,2020-12-26 18:00:00
294,2020-12-26 17:00:00
295,2020-12-26 16:00:00
296,2020-12-26 15:00:00
297,2020-12-26 14:00:00
298,2022-10-21 17:00:00
299,2022-10-21 16:00:00
300,2022-10-21 15:00:00
301,2022-10-21 14:00:00
302,2022-10-21 13:00:00
303,2022-10-21 12:00:00
304,2022-10-21 11:00:00
305,2022-10-21 10:00:00
306,2022-10-21 09:00:00
307,2022-10-21 08:00:00
308,2003-11-11 01:00:00
309,2003-11-11 00:00:00
310,2003-11-10 23:00:00
311,2003-11-10 22:00:00
312,2003-11-10 21:00:00
313,2003-11-10 20:00:00
314,2003-11-10 19:00:00
315,2003-11-10 18:00:00
316,2010-12-29 20:00:00
317,2010-12-29 19:00:00
318,2010-12-29 18:00:00
319,2010-12-29 17:00:00
320,2010-12-29 16:00:00
321,2010-12-29 15:00:00
322,2019-10-21 18:00:00
323,2019-10-21 17:00:00
324,2019-10-21 16:00:00
325,2019-10-21 15:00:00
326,2019-10-21 14:00:00
327,2019-10-21 13:00:00
328,2019-10-21 12:00:00
329,2019-10-21 11:00:00
330,2019-10-21 10:00:00
331,2019-10-21 09:00:00
332,2019-10-21 08:00:00
333,2019-10-21 07:00:00
334,2019-10-21 06:00:00
335,2022-05-19 00:00:00
336,2022-05-18 23:00:00
337,2022-05-18 22:00:00
338,2022-05-18 21:00:00
339,2022-05-18 20:00:00
340,2022-05-18 19:00:00
341,2022-05-18 18:00:00
342,2011-02-03 20:00:00
343,2011-02-03 19:00:00
344,2011-02-03 18:00:00
345,2011-02-03 17:00:00
346,2011-02-03 16:00:00
347,2011-02-03 15:00:00
348,2011-02-03 14:00:00
349,2011-02-03 13:00:00
350,2011-02-03 12:00:00
351,2011-02-03 11:00:00
352,2011-02-03 10:00:00
353,2011-02-03 09:00:00
354,2019-10-22 02:00:00
355,2019-10-22 01:00:00
356,2019-10-22 00:00:00
357,2019-10-21 23:00:00
358,2019-10-21 22:00:00
359,2019-10-21 21:00:00
360,2019-10-21 20:00:00
361,2019-10-21 19:00:00
362,2022-05-19 03:00:00
363,2022-05-19 02:00:00
364,2022-05-19 01:00:00
371,2000-03-28 07:00:00
372,2000-03-28 06:00:00
373,2000-03-28 05:00:00
374,2000-03-28 04:00:00
375,2000-03-28 03:00:00
376,2000-03-28 02:00:00
377,2000-03-28 01:00:00
378,2005-06-01 09:00:00
379,2005-06-01 08:00:00
380,2005-06-01 07:00:00
381,2005-06-01 06:00:00
382,2005-06-01 05:00:00
383,2005-06-01 04:00:00
384,2005-06-01 03:00:00
385,2005-06-01 02:00:00
386,2001-05-15 05:00:00
387,2001-05-15 04:00:00
388,2001-05-15 03:00:00
389,2001-05-15 02:00:00
390,2001-05-15 01:00:00
391,2003-05-30 22:00:00
392,2003-05-30 21:00:00
393,2003-05-30 20:00:00
394,2003-05-30 19:00:00
395,2003-05-30 18:00:00
396,2003-05-30 17:00:00
397,2003-05-30 16:00:00
398,2003-05-30 15:00:00
399,2003-05-30 14:00:00
400,2003-05-30 13:00:00
401,2003-05-30 12:00:00
402,2003-05-30 11:00:00
403,2003-05-30 10:00:00
404,2003-05-30 09:00:00
405,2003-05-30 08:00:00
406,2003-05-30 07:00:00
407,2003-05-30 06:00:00
408,2003-05-30 05:00:00
409,2003-05-30 04:00:00
410,2013-12-03 01:00:00
411,2013-12-03 00:00:00
417,2017-09-30 08:00:00
418,2017-09-30 07:00:00
419,2017-09-30 06:00:00
420,2017-09-30 05:00:00
421,2017-09-30 04:00:00
422,2017-09-30 03:00:00
423,2017-09-30 02:00:00
424,2017-09-30 01:00:00
425,2017-09-30 00:00:00
426,2017-09-29 23:00:00
427,2017-09-29 22:00:00
428,2017-09-29 21:00:00
429,2017-09-29 20:00:00
430,2017-09-29 19:00:00
431,2017-09-29 18:00:00
432,2017-09-29 17:00:00
433,2017-09-29 16:00:00
434,2017-09-29 15:00:00
435,2017-09-29 14:00:00
436,2017-09-29 13:00:00
437,2017-09-29 12:00:00
438,2017-09-29 11:00:00
439,2017-09-29 10:00:00
440,2017-09-29 09:00:00
441,2017-09-29 08:00:00
442,2017-09-29 07:00:00
443,2017-09-29 06:00:00
444,2017-09-29 05:00:00
445,2017-09-29 04:00:00
446,2017-09-29 03:00:00
447,2017-09-29 02:00:00
448,2022-12-31 08:00:00
449,2022-12-31 07:00:00
450,2022-12-31 06:00:00
451,2022-12-31 05:00:00
452,2022-12-31 04:00:00
453,2022-12-31 03:00:00
454,2018-04-06 17:00:00
455,2018-04-06 16:00:00
456,2018-04-06 15:00:00
457,2018-04-06 14:00:00
458,2020-10-24 08:00:00
459,2020-10-24 07:00:00
460,2020-10-24 06:00:00
461,2020-10-24 05:00:00
462,2020-10-24 04:00:00
463,2020-10-24 03:00:00
464,2020-10-24 02:00:00
465,2020-10-24 01:00:00
466,2020-10-24 00:00:00
467,2020-10-23 23:00:00
468,2020-10-23 22:00:00
469,2020-10-23 21:00:00
470,2020-10-23 20:00:00
471,2020-10-23 19:00:00
472,2020-10-23 18:00:00
473,2020-10-23 17:00:00
474,2020-10-23 16:00:00
475,2020-10-23 15:00:00
476,2020-10-23 14:00:00
477,2020-10-23 13:00:00
478,2020-10-23 12:00:00
479,2020-10-23 11:00:00
480,2020-10-23 10:00:00
481,2020-10-23 09:00:00
482,2020-10-23 08:00:00
483,2022-12-25 11:00:00
484,2022-12-25 10:00:00
489,2022-12-27 20:00:00
490,2022-12-27 19:00:00
491,2022-12-27 18:00:00
492,2022-12-27 17:00:00
493,2022-12-27 16:00:00
494,2022-12-27 15:00:00
495,2001-10-08 13:00:00
496,2001-10-08 12:00:00
515,2005-11-12 09:00:00
516,2005-11-12 08:00:00
517,2005-11-12 07:00:00
518,2005-11-12 06:00:00
519,2005-11-12 05:00:00
520,2005-11-12 04:00:00
521,2008-02-06 09:00:00
522,2008-02-06 08:00:00
523,2008-02-06 07:00:00
524,2008-02-06 06:00:00
525,2008-02-06 05:00:00
526,2008-02-06 04:00:00
527,2008-02-06 03:00:00
528,2008-02-06 02:00:00
529,2008-02-06 01:00:00
530,2009-03-24 04:00:00
531,2009-03-24 03:00:00
532,2009-03-24 02:00:00
533,2009-03-24 01:00:00
534,2009-03-24 00:00:00
535,2009-03-23 23:00:00
536,2009-03-23 22:00:00
537,2009-03-23 21:00:00
538,2009-03-23 20:00:00
539,2009-03-23 19:00:00
540,2009-03-23 18:00:00
541,2009-03-23 17:00:00
542,2009-03-23 16:00:00
543,2009-03-23 15:00:00
544,2009-03-23 14:00:00
545,2009-03-23 13:00:00
546,2009-03-23 12:00:00
547,2009-03-23 11:00:00
548,2009-03-23 10:00:00
549,2009-03-23 09:00:00
550,2009-03-23 08:00:00
551,2009-03-23 07:00:00
552,2009-03-23 06:00:00
553,2009-03-23 05:00:00
554,2009-03-23 04:00:00
555,2009-03-23 03:00:00
556,2010-03-30 23:00:00
557,2010-03-30 22:00:00
558,2010-03-30 21:00:00
559,2010-05-18 07:00:00
560,2010-05-18 06:00:00
561,2010-05-18 05:00:00
562,2010-05-18 04:00:00
563,2010-05-18 03:00:00
564,2010-05-18 02:00:00
565,2010-05-18 01:00:00
566,2010-05-18 00:00:00
567,2010-05-17 23:00:00
568,2010-05-17 22:00:00
569,2010-05-17 21:00:00
570,2010-05-17 20:00:00
571,2010-05-17 19:00:00
572,2010-05-17 18:00:00
573,2010-05-17 17:00:00
574,2011-02-04 16:00:00
575,2011-02-04 15:00:00
576,2011-02-04 14:00:00
577,2011-02-04 13:00:00
578,2011-02-04 12:00:00
579,2011-02-04 11:00:00
580,2011-02-04 10:00:00
581,2011-02-04 09:00:00
582,2011-11-19 00:00:00
583,2011-11-18 23:00:00
584,2011-11-18 22:00:00
585,2011-11-18 21:00:00
586,2011-11-18 20:00:00
587,2011-11-18 19:00:00
588,2011-11-18 18:00:00
589,2011-11-18 17:00:00
590,2011-11-18 16:00:00
591,2012-02-20 14:00:00
592,2012-02-20 13:00:00
593,2012-02-20 12:00:00
594,2012-02-20 11:00:00
595,2012-02-20 10:00:00
596,2012-02-20 09:00:00
597,2012-02-20 08:00:00
598,2012-02-20 07:00:00
599,2012-02-20 06:00:00
600,2012-02-20 05:00:00
601,2012-02-20 04:00:00
602,2012-02-20 03:00:00
603,2012-02-20 02:00:00
604,2012-02-20 01:00:00
605,2012-02-20 00:00:00
606,2012-02-19 23:00:00
607,2012-02-19 22:00:00
608,2012-02-19 21:00:00
609,2012-02-19 20:00:00
610,2012-02-19 19:00:00
611,2012-02-19 18:00:00
612,2012-02-19 17:00:00
613,2012-02-19 16:00:00
614,2012-02-19 15:00:00
615,2012-02-19 14:00:00
616,2012-02-19 13:00:00
617,2012-02-19 12:00:00
618,2012-02-19 11:00:00
619,2012-12-15 23:00:00
620,2012-12-15 22:00:00
621,2012-12-15 21:00:00
622,2012-12-15 13:00:00
623,2012-12-15 12:00:00
624,2012-12-15 11:00:00
625,2012-12-15 10:00:00
626,2012-12-15 09:00:00
627,2012-12-15 08:00:00
635,2014-01-09 10:00:00
636,2014-01-09 09:00:00
637,2014-01-09 08:00:00
638,2014-01-09 07:00:00
639,2014-01-09 06:00:00
640,2014-01-09 05:00:00
641,2014-01-09 04:00:00
642,2014-01-09 03:00:00
643,2014-01-09 02:00:00
644,2014-01-09 01:00:00
645,2014-01-29 21:00:00
646,2014-01-29 20:00:00
647,2014-01-29 19:00:00
648,2014-01-29 18:00:00
649,2014-01-29 17:00:00
650,2014-01-29 16:00:00
651,2014-05-09 06:00:00
652,2014-05-09 05:00:00
653,2014-05-09 04:00:00
654,2014-05-09 03:00:00
655,2014-05-09 02:00:00
656,2014-05-09 01:00:00
657,2014-05-09 00:00:00
658,2014-05-08 23:00:00
659,2014-05-08 20:00:00
660,2014-05-08 19:00:00
661,2014-05-08 18:00:00
662,2014-05-08 17:00:00
663,2014-05-08 16:00:00
664,2014-09-30 07:00:00
665,2014-09-30 06:00:00
666,2014-09-30 05:00:00
667,2014-09-30 04:00:00
668,2014-09-30 03:00:00
669,2014-09-30 02:00:00
670,2014-09-30 01:00:00
671,2014-09-30 00:00:00
672,2014-09-29 23:00:00
673,2014-09-29 22:00:00
674,2014-09-29 21:00:00
675,2014-09-29 20:00:00
676,2014-11-23 20:00:00
677,2014-11-23 19:00:00
678,2014-11-23 18:00:00
679,2014-11-23 17:00:00
680,2014-11-23 16:00:00
681,2014-11-23 15:00:00
682,2014-11-23 14:00:00
683,2014-11-23 13:00:00
684,2014-11-23 12:00:00
685,2015-02-02 16:00:00
686,2015-02-02 15:00:00
687,2015-02-02 14:00:00
688,2015-02-02 13:00:00
689,2015-02-02 12:00:00
690,2015-02-02 11:00:00
691,2015-02-02 10:00:00
692,2015-02-02 09:00:00
693,2015-02-02 08:00:00
694,2015-02-02 07:00:00
695,2015-12-21 23:00:00
696,2015-12-21 22:00:00
697,2015-12-21 21:00:00
698,2015-12-21 20:00:00
699,2015-12-21 19:00:00
700,2015-12-21 18:00:00
701,2016-01-29 16:00:00
702,2016-01-29 15:00:00
703,2016-01-29 14:00:00
704,2016-01-29 13:00:00
705,2016-01-29 12:00:00
706,2016-01-29 11:00:00
707,2016-01-29 10:00:00
708,2016-01-29 09:00:00
709,2016-01-29 08:00:00
710,2016-01-29 07:00:00
711,2016-01-29 06:00:00
712,2017-05-16 16:00:00
713,2017-05-16 15:00:00
714,2017-05-16 14:00:00
715,2017-05-16 13:00:00
716,2017-05-16 12:00:00
717,2017-05-16 11:00:00
718,2017-05-16 10:00:00
719,2017-05-16 09:00:00
720,2017-05-16 08:00:00
721,2017-05-16 07:00:00
722,2017-05-16 06:00:00
723,2017-05-16 05:00:00
724,2017-05-16 04:00:00
725,2017-05-16 03:00:00
726,2017-05-16 02:00:00
727,2017-05-16 01:00:00
764,2018-04-07 19:00:00
765,2018-04-07 18:00:00
766,2018-04-07 17:00:00
767,2018-04-07 16:00:00
768,2018-04-07 15:00:00
769,2018-04-07 14:00:00
770,2018-04-07 13:00:00
771,2018-04-07 12:00:00
772,2018-04-07 11:00:00
773,2018-04-07 10:00:00
774,2018-04-07 09:00:00
775,2018-04-07 08:00:00
776,2019-06-20 17:00:00
777,2019-06-20 16:00:00
778,2019-06-20 15:00:00
779,2019-06-20 14:00:00
780,2019-06-20 13:00:00
781,2019-06-20 12:00:00
782,2019-06-20 11:00:00
783,2019-06-20 10:00:00
784,2019-06-20 09:00:00
785,2019-06-20 08:00:00
786,2019-06-20 07:00:00
787,2019-06-20 06:00:00
788,2019-06-20 05:00:00
789,2019-06-20 04:00:00
793,2019-12-13 05:00:00
794,2019-12-13 04:00:00
795,2019-12-13 03:00:00
796,2019-12-13 02:00:00
797,2019-12-13 01:00:00
798,2019-12-13 00:00:00
799,2019-12-12 23:00:00
800,2019-12-31 10:00:00
801,2019-12-31 09:00:00
802,2019-12-31 08:00:00
803,2019-12-31 07:00:00
804,2019-12-31 06:00:00
805,2019-12-31 05:00:00
806,2019-12-31 04:00:00
807,2019-12-31 03:00:00
808,2019-12-31 02:00:00
809,2019-12-31 01:00:00
810,2020-02-06 11:00:00
811,2020-02-06 10:00:00
812,2020-02-06 09:00:00
813,2020-02-06 08:00:00
814,2020-02-06 07:00:00
815,2020-02-06 06:00:00
816,2020-02-06 05:00:00
817,2020-02-06 04:00:00
818,2020-02-06 03:00:00
819,2020-02-06 02:00:00
820,2020-02-06 01:00:00
821,2020-02-06 00:00:00
822,2020-02-05 23:00:00
823,2020-02-05 22:00:00
824,2021-10-25 04:00:00
825,2021-10-25 03:00:00
826,2022-01-04 13:00:00
827,2022-01-04 12:00:00
828,2022-01-04 11:00:00
829,2022-01-04 10:00:00
830,2022-01-04 09:00:00
831,2022-01-04 08:00:00
839,2023-12-02 21:00:00
840,2023-12-02 20:00:00
841,2023-12-02 19:00:00
842,2023-12-02 18:00:00
843,2023-12-02 17:00:00
844,2023-12-02 16:00:00
845,2023-12-02 15:00:00
846,2023-12-02 14:00:00
847,2023-12-02 13:00:00
848,2023-12-02 12:00:00
849,2013-04-28 13:00:00
850,2013-04-28 12:00:00
851,2013-04-28 11:00:00
852,2013-04-28 10:00:00
853,2013-04-28 09:00:00
854,2013-04-28 08:00:00
855,2013-04-28 07:00:00
856,2013-04-28 06:00:00
857,2013-04-28 05:00:00
858,2013-04-28 04:00:00
859,2013-04-28 03:00:00
876,2005-06-01 13:00:00
877,2005-06-01 12:00:00
878,2005-06-01 11:00:00
879,2005-06-01 10:00:00
886,2013-04-06 10:00:00
887,2013-04-06 09:00:00
888,2013-04-06 08:00:00
889,2013-04-06 07:00:00
890,2013-04-06 06:00:00
891,2013-04-06 05:00:00
892,2013-04-06 04:00:00
893,2013-04-06 03:00:00
894,2013-04-06 02:00:00
895,2013-04-06 01:00:00
896,2014-05-09 10:00:00
897,2014-05-09 09:00:00
898,2014-05-09 08:00:00
899,2014-05-09 07:00:00
905,2020-10-24 10:00:00
906,2020-10-24 09:00:00
915,2021-02-12 02:00:00
916,2021-02-12 01:00:00
917,2021-02-12 00:00:00
918,2021-02-11 23:00:00
919,2007-12-04 14:00:00
920,2018-10-09 17:00:00
921,2018-10-09 16:00:00
922,2018-10-09 15:00:00
923,2018-10-09 14:00:00
924,2018-10-09 13:00:00
925,2018-10-09 12:00:00
926,2018-10-09 11:00:00
927,2018-10-09 10:00:00
928,2018-10-09 09:00:00
929,2018-10-09 08:00:00
930,2018-10-09 07:00:00
931,2018-10-09 06:00:00
932,2018-10-09 05:00:00
933,2018-10-09 04:00:00
934,2021-10-25 07:00:00
935,2021-10-25 06:00:00
936,2021-10-25 05:00:00
950,2001-10-08 00:00:00
951,2001-10-07 23:00:00
952,2001-10-07 22:00:00
953,2001-10-07 21:00:00
954,2002-03-11 19:00:00
955,2002-03-11 18:00:00
956,2002-03-11 17:00:00
957,2002-03-11 16:00:00
958,2002-03-11 15:00:00
959,2002-03-11 14:00:00
960,2002-03-11 13:00:00
961,2002-03-11 12:00:00
962,2002-03-11 11:00:00
963,2002-03-11 10:00:00
964,2002-03-11 09:00:00
965,2002-03-11 08:00:00
966,2002-03-11 07:00:00
967,2004-11-24 13:00:00
968,2004-11-24 12:00:00
969,2004-11-24 11:00:00
970,2004-11-24 10:00:00
971,2004-11-24 09:00:00
972,2004-11-24 08:00:00
973,2004-11-24 07:00:00
974,2004-11-24 06:00:00
975,2004-11-24 05:00:00
976,2004-11-25 23:00:00
977,2004-11-25 22:00:00
985,2007-01-04 05:00:00
986,2007-01-04 04:00:00
987,2007-01-04 03:00:00
988,2007-01-04 02:00:00
989,2007-01-04 01:00:00
990,2007-01-04 00:00:00
991,2007-01-03 23:00:00
992,2007-01-03 22:00:00
993,2007-01-03 21:00:00
994,2007-01-03 20:00:00
995,2007-01-03 19:00:00
996,2007-01-03 18:00:00
997,2007-01-02 03:00:00
998,2007-01-02 02:00:00
999,2007-01-02 01:00:00
1000,2009-03-24 13:00:00
1001,2009-03-24 12:00:00
1002,2009-03-24 11:00:00
1003,2009-03-24 10:00:00
1004,2009-03-24 09:00:00
1005,2009-03-24 08:00:00
1006,2009-03-24 07:00:00
1007,2009-03-24 06:00:00
1008,2009-03-24 05:00:00
1014,2010-03-30 17:00:00
1015,2010-03-30 16:00:00
1016,2010-03-30 15:00:00
1017,2010-03-30 14:00:00
1018,2010-03-30 13:00:00
1019,2010-03-30 12:00:00
1020,2010-03-30 11:00:00
1021,2010-03-30 10:00:00
1022,2011-04-17 10:00:00
1023,2011-04-17 09:00:00
1024,2011-04-17 08:00:00
1025,2011-04-17 07:00:00
1026,2011-04-17 06:00:00
1027,2011-04-17 05:00:00
1028,2011-04-17 04:00:00
1029,2011-04-17 03:00:00
1030,2011-04-17 02:00:00
1031,2011-04-17 01:00:00
1032,2011-04-17 00:00:00
1033,2011-04-16 23:00:00
1034,2011-04-16 22:00:00
1035,2011-04-16 21:00:00
1036,2011-04-16 20:00:00
1053,2013-12-02 18:00:00
1060,2014-05-08 22:00:00
1061,2014-05-08 21:00:00
1067,2017-01-11 07:00:00
1068,2020-02-06 17:00:00
1069,2020-02-06 16:00:00
1070,2020-02-06 15:00:00
1071,2020-02-06 14:00:00
1072,2020-02-06 13:00:00
1073,2020-02-06 12:00:00
1099,2022-12-31 02:00:00
1100,2022-12-31 01:00:00
1101,2015-04-14 23:00:00
1102,2015-04-14 22:00:00
1103,2015-04-14 21:00:00
1104,2015-04-14 20:00:00
1105,2015-04-14 19:00:00
1106,2015-04-14 18:00:00
1107,2013-04-29 09:00:00
1108,2013-04-29 08:00:00
1109,2013-04-29 07:00:00
1110,2013-04-29 06:00:00
1111,2013-04-29 05:00:00
1112,2019-11-24 00:00:00
1113,2019-11-23 23:00:00
1114,2019-11-23 22:00:00
1115,2019-11-23 21:00:00
1116,2019-11-23 20:00:00
1117,2019-11-23 19:00:00
1127,2008-05-21 23:00:00
1128,2008-05-21 22:00:00
1129,2008-05-21 21:00:00
1130,2008-05-21 20:00:00
1131,2008-05-21 19:00:00
1132,2008-05-21 18:00:00
1133,2013-04-29 02:00:00
1134,2013-04-29 01:00:00
1135,2013-04-29 00:00:00
1136,2013-04-28 23:00:00
1137,2013-04-28 22:00:00
1138,2013-04-28 21:00:00
1139,2013-04-28 20:00:00
1140,2013-04-28 19:00:00
1141,2013-04-28 18:00:00
1142,2013-04-28 17:00:00
1143,2013-04-28 16:00:00
1144,2013-04-28 15:00:00
1145,2013-04-28 14:00:00
1157,2013-04-28 02:00:00
1158,2014-05-09 11:00:00
1168,2012-05-22 06:00:00
1169,2012-05-22 05:00:00
1170,2012-05-22 04:00:00
1171,2012-05-22 03:00:00
1172,2012-05-22 02:00:00
1173,2012-05-22 01:00:00
1174,2012-05-22 00:00:00
1175,2012-05-21 23:00:00
1176,2012-05-21 22:00:00
1177,2008-08-30 14:00:00
1178,2008-08-30 13:00:00
1179,2008-08-30 12:00:00
1180,2008-08-30 11:00:00
1181,2008-08-30 10:00:00
1182,2008-08-30 09:00:00
1183,2008-08-30 08:00:00
1184,2008-08-30 07:00:00
1185,2008-08-30 06:00:00
1186,2008-08-30 05:00:00
1187,2008-08-30 04:00:00
1188,2008-08-30 03:00:00
1189,2008-08-30 02:00:00
1190,2008-08-30 01:00:00
1197,2008-05-20 15:00:00
1198,2008-05-20 14:00:00
1199,2008-05-20 13:00:00
1200,2008-05-20 12:00:00
1201,2008-05-20 11:00:00
1202,2008-05-20 10:00:00
1203,2008-05-20 09:00:00
1204,2008-05-20 08:00:00
1205,2008-05-20 07:00:00
1206,2008-05-20 06:00:00
1207,2008-05-20 05:00:00
1208,2008-05-20 04:00:00
1209,2008-05-20 03:00:00
1210,2008-05-20 02:00:00
1211,2008-05-20 01:00:00
1212,2008-05-20 00:00:00
1213,2008-05-19 23:00:00
1214,2008-05-19 22:00:00
1215,2008-05-19 21:00:00
1216,2008-05-19 20:00:00
1217,2008-05-19 19:00:00
1218,2008-05-19 18:00:00
1219,2008-05-19 17:00:00
1220,2008-05-19 16:00:00
1221,2008-05-19 15:00:00
1222,2008-05-19 14:00:00
1223,2008-05-19 13:00:00
1224,2008-05-19 12:00:00
1225,2008-05-19 11:00:00
1226,2008-05-19 10:00:00
1227,2008-05-19 09:00:00
1228,2008-05-19 08:00:00
1229,2008-05-19 07:00:00
1230,2008-05-19 06:00:00
1231,2008-05-19 05:00:00
1232,2008-05-19 04:00:00
1233,2008-05-19 03:00:00
1234,2008-05-19 02:00:00
1235,2008-06-03 15:00:00
1236,2008-06-03 14:00:00
1237,2008-06-03 13:00:00
1238,2008-06-03 12:00:00
1239,2008-06-03 11:00:00
1240,2008-06-03 10:00:00
1241,2008-06-03 09:00:00
1242,2008-06-03 08:00:00
1243,2008-06-03 07:00:00
1244,2008-06-03 06:00:00
1245,2010-12-20 04:00:00
1246,2011-10-05 14:00:00
1247,2011-10-05 13:00:00
1248,2011-10-05 12:00:00
1249,2011-10-05 11:00:00
1250,2011-10-05 10:00:00
1251,2011-10-05 09:00:00
1252,2013-10-02 23:00:00
1253,2013-10-02 22:00:00
1254,2013-10-02 21:00:00
1255,2013-10-02 20:00:00
1256,2013-10-02 19:00:00
1257,2013-10-02 18:00:00
1258,2013-10-02 17:00:00
1259,2013-10-02 16:00:00
1260,2013-10-02 15:00:00
1261,2013-10-02 14:00:00
1262,2013-10-02 13:00:00
1263,2013-10-02 12:00:00
1264,2013-10-02 11:00:00
1265,2013-10-02 10:00:00
1266,2013-10-02 09:00:00
1267,2013-12-03 04:00:00
1268,2013-12-03 03:00:00
1269,2013-12-03 02:00:00
1275,2019-04-07 22:00:00
1276,2019-04-07 21:00:00
1277,2019-04-07 20:00:00
1278,2019-04-07 19:00:00
1279,2019-04-07 18:00:00
1280,2019-04-07 17:00:00
1281,2019-04-07 16:00:00
1282,2022-05-07 06:00:00
1283,2022-05-07 05:00:00
1284,2022-05-07 04:00:00
1285,2022-05-07 03:00:00
1286,2023-04-01 22:00:00
1287,2023-04-01 21:00:00
1288,2023-04-01 20:00:00
1289,2023-04-01 19:00:00
1290,2023-04-01 18:00:00
1291,2023-04-01 17:00:00
1292,2023-04-01 16:00:00
1293,2023-04-01 15:00:00
1294,2023-04-01 14:00:00
1295,2023-04-01 13:00:00
1296,2023-04-01 12:00:00
1297,2023-04-01 11:00:00
1298,2023-04-01 10:00:00
1299,2000-05-07 13:00:00
1300,2000-05-07 12:00:00
1301,2000-05-07 11:00:00
1302,2000-05-07 10:00:00
1303,2000-05-07 09:00:00
1313,2013-12-02 17:00:00
1314,2013-12-02 16:00:00
1315,2013-12-02 15:00:00
1316,2013-12-02 14:00:00
1317,2013-12-02 13:00:00
1318,2003-11-11 04:00:00
1319,2003-11-11 03:00:00
1320,2003-11-11 02:00:00
1326,2008-12-13 09:00:00
1327,2008-12-13 08:00:00
1328,2008-12-13 07:00:00
1329,2008-12-13 06:00:00
1330,2008-12-13 05:00:00
1331,2008-12-13 04:00:00
1332,2008-12-13 03:00:00
1333,2008-12-13 02:00:00
1334,2005-03-29 09:00:00
1335,2005-03-29 08:00:00
1336,2005-03-29 07:00:00
1337,2005-03-29 06:00:00
1338,2005-03-29 05:00:00
1339,2005-03-29 04:00:00
1340,2005-03-29 03:00:00
1341,2005-03-29 02:00:00
1342,2005-03-29 01:00:00
1343,2005-03-29 00:00:00
1344,2005-03-28 23:00:00
1353,2019-10-21 05:00:00
1354,2019-10-21 04:00:00
1355,2019-10-21 03:00:00
1356,2019-10-21 02:00:00
1357,2004-11-26 01:00:00
1358,2004-11-26 00:00:00
1373,2005-11-12 03:00:00
1374,2006-10-18 22:00:00
1375,2006-10-18 21:00:00
1376,2006-10-18 20:00:00
1377,2006-10-18 19:00:00
1378,2006-10-18 18:00:00
1379,2006-10-18 17:00:00
1380,2006-10-18 16:00:00
1381,2006-10-18 15:00:00
1382,2006-10-18 14:00:00
1383,2006-10-18 13:00:00
1384,2006-10-18 12:00:00
1385,2006-10-18 11:00:00
1386,2006-10-18 10:00:00
1387,2008-02-06 11:00:00
1388,2008-02-06 10:00:00
1396,2010-10-23 17:00:00
1397,2010-10-23 16:00:00
1398,2010-10-23 15:00:00
1399,2010-10-23 14:00:00
1400,2010-10-23 13:00:00
1401,2010-10-23 12:00:00
1402,2010-10-23 11:00:00
1403,2010-10-23 10:00:00
1406,2010-10-24 19:00:00
1407,2010-10-24 18:00:00
1408,2010-10-24 17:00:00
1409,2010-10-24 16:00:00
1410,2010-10-24 15:00:00
1411,2010-10-24 14:00:00
1412,2010-10-24 13:00:00
1413,2010-10-24 12:00:00
1414,2011-01-17 02:00:00
1415,2011-01-17 01:00:00
1416,2011-01-17 00:00:00
1417,2011-01-16 23:00:00
1418,2011-01-16 22:00:00
1419,2011-01-16 21:00:00
1424,2011-02-04 08:00:00
1425,2011-02-04 07:00:00
1426,2011-02-04 06:00:00
1427,2011-02-04 05:00:00
1428,2013-04-13 16:00:00
1429,2013-04-13 15:00:00
1430,2013-04-13 14:00:00
1431,2013-04-13 13:00:00
1432,2013-04-13 12:00:00
1433,2013-04-13 11:00:00
1434,2013-12-01 12:00:00
1435,2013-12-01 11:00:00
1436,2013-12-01 10:00:00
1437,2013-12-01 09:00:00
1438,2013-12-01 08:00:00
1439,2013-12-01 07:00:00
1440,2013-12-01 06:00:00
1441,2013-12-01 05:00:00
1442,2014-12-20 20:00:00
1443,2014-12-20 19:00:00
1444,2014-12-20 18:00:00
1445,2014-12-20 17:00:00
1446,2014-12-20 16:00:00
1447,2018-04-06 05:00:00
1449,2018-11-03 07:00:00
1450,2018-11-03 06:00:00
1451,2018-11-03 05:00:00
1452,2018-11-03 04:00:00
1453,2018-11-03 03:00:00
1454,2018-11-03 02:00:00
1455,2018-11-24 02:00:00
1456,2018-11-24 01:00:00
1457,2018-11-24 00:00:00
1458,2018-11-23 23:00:00
1459,2018-11-23 22:00:00
1460,2018-11-23 21:00:00
1461,2018-11-23 20:00:00
1462,2018-11-23 19:00:00
1473,2020-02-05 21:00:00
1474,2020-02-05 20:00:00
1475,2020-02-05 19:00:00
1476,2020-02-05 18:00:00
1477,2020-02-05 17:00:00
1481,2022-01-04 07:00:00
1482,2022-01-04 06:00:00
1483,2022-01-04 05:00:00
1484,2022-01-04 04:00:00
1485,2022-05-19 14:00:00
1486,2022-05-19 13:00:00
1487,2022-05-19 12:00:00
1488,2022-05-19 11:00:00
1489,2022-05-19 10:00:00
1490,2022-05-19 09:00:00
1491,2022-05-19 08:00:00
1492,2022-05-19 07:00:00
1493,2022-05-19 06:00:00
1494,2022-05-19 05:00:00
1495,2022-05-19 04:00:00
1513,2001-06-12 01:00:00
1514,2001-06-12 00:00:00
1515,2001-06-11 23:00:00
1516,2001-06-11 22:00:00
1517,2001-06-11 21:00:00
1518,2001-06-11 20:00:00
1519,2001-06-11 19:00:00
1520,2001-06-11 18:00:00
1521,2001-06-11 17:00:00
1522,2001-06-11 16:00:00
1523,2001-06-11 15:00:00
1524,2001-06-11 14:00:00
1525,2001-06-11 13:00:00
1534,2005-06-01 01:00:00
1535,2008-03-01 00:00:00
1536,2008-02-29 23:00:00
1537,2008-02-29 22:00:00
1538,2008-02-29 21:00:00
1539,2008-02-29 20:00:00
1540,2008-02-29 19:00:00
1541,2008-02-29 18:00:00
1542,2008-02-29 17:00:00
1543,2008-02-29 16:00:00
1544,2005-11-13 22:00:00
1545,2005-11-13 21:00:00
1546,2005-11-13 20:00:00
1547,2005-11-13 19:00:00
1548,2005-11-13 18:00:00
1549,2005-11-13 17:00:00
1550,2005-11-13 16:00:00
1551,2005-11-13 15:00:00
1552,2007-01-03 14:00:00
1553,2007-01-03 13:00:00
1554,2007-01-03 12:00:00
1555,2007-01-03 11:00:00
1556,2007-01-03 10:00:00
1557,2007-01-03 09:00:00
1558,2007-01-03 08:00:00
1561,2008-02-29 15:00:00
1562,2008-02-29 14:00:00
1563,2008-02-29 13:00:00
1564,2008-02-29 12:00:00
1565,2008-02-29 11:00:00
1566,2008-02-29 10:00:00
1567,2008-02-29 09:00:00
1568,2008-02-29 08:00:00
1569,2008-02-29 07:00:00
1570,2008-02-29 06:00:00
1571,2008-02-29 05:00:00
1572,2008-02-29 04:00:00
1573,2008-02-29 03:00:00
1574,2008-02-29 02:00:00
1575,2008-02-29 01:00:00
1583,2018-04-06 13:00:00
1584,2018-04-06 12:00:00
1585,2018-04-06 11:00:00
1586,2018-04-06 10:00:00
1587,2018-04-06 09:00:00
1599,2007-12-04 22:00:00
1600,2007-12-04 21:00:00
1601,2007-12-04 20:00:00
1602,2007-12-04 19:00:00
1603,2007-12-04 18:00:00
1604,2007-12-04 17:00:00
1605,2007-12-04 16:00:00
1606,2007-12-04 15:00:00
1608,2007-12-04 13:00:00
1609,2007-12-04 12:00:00
1610,2007-12-04 11:00:00
1629,2009-03-23 02:00:00
1630,2009-03-23 01:00:00
1637,2013-04-11 13:00:00
1638,2013-04-11 12:00:00
1639,2013-04-11 11:00:00
1640,2013-04-11 10:00:00
1641,2013-04-11 09:00:00
1642,2013-04-11 08:00:00
1643,2013-04-11 07:00:00
1644,2013-04-11 06:00:00
1645,2013-04-11 05:00:00
1646,2013-04-11 04:00:00
1647,2013-04-11 03:00:00
1648,2013-04-11 02:00:00
1649,2013-04-11 01:00:00
1650,2014-01-30 01:00:00
1651,2014-01-30 00:00:00
1652,2014-01-29 23:00:00
1653,2014-01-29 22:00:00
1655,2016-01-29 02:00:00
1656,2016-01-29 01:00:00
1657,2016-01-29 00:00:00
1658,2016-01-28 23:00:00
1659,2016-01-28 22:00:00
1660,2016-01-28 21:00:00
1661,2016-01-28 20:00:00
1662,2016-01-28 19:00:00
1664,2017-01-04 20:00:00
1665,2017-01-04 19:00:00
1666,2017-01-04 18:00:00
1667,2017-01-04 17:00:00
1668,2017-01-04 16:00:00
1669,2017-01-04 15:00:00
1670,2018-11-02 22:00:00
1671,2018-11-24 04:00:00
1672,2018-11-24 03:00:00
1683,2019-12-12 22:00:00
1684,2019-12-12 21:00:00
1685,2019-12-12 20:00:00
1686,2019-12-12 19:00:00
1687,2019-12-12 18:00:00
1688,2019-12-12 17:00:00
1697,2001-06-12 06:00:00
1698,2001-06-12 05:00:00
1699,2001-06-12 04:00:00
1700,2001-06-12 03:00:00
1701,2001-06-12 02:00:00
1709,2002-10-29 17:00:00
1710,2002-10-29 16:00:00
1711,2002-10-29 15:00:00
1712,2002-10-29 14:00:00
1713,2002-10-29 13:00:00
1714,2002-10-29 12:00:00
1715,2002-10-29 11:00:00
1716,2002-10-29 10:00:00
1717,2002-10-29 09:00:00
1718,2002-10-29 08:00:00
1719,2002-10-29 07:00:00
1720,2002-10-29 06:00:00
1721,2002-10-29 05:00:00
1722,2002-10-29 04:00:00
1723,2002-10-29 03:00:00
1724,2002-10-29 02:00:00
1725,2002-11-09 02:00:00
1726,2002-11-09 01:00:00
1727,2002-11-09 00:00:00
1728,2002-11-08 23:00:00
1729,2002-12-29 21:00:00
1730,2002-12-29 20:00:00
1731,2002-12-29 19:00:00
1732,2002-12-29 18:00:00
1733,2002-12-29 17:00:00
1734,2002-12-29 16:00:00
1735,2002-12-29 15:00:00
1736,2002-12-29 14:00:00
1737,2002-12-29 13:00:00
1738,2002-12-29 12:00:00
1739,2002-12-29 11:00:00
1740,2002-12-29 10:00:00
1741,2002-12-29 09:00:00
1742,2002-12-29 08:00:00
1743,2002-12-29 07:00:00
1744,2002-12-29 06:00:00
1745,2002-12-29 05:00:00
1746,2002-12-29 04:00:00
1747,2002-12-29 03:00:00
1748,2002-12-29 02:00:00
1749,2002-12-29 01:00:00
1762,2003-09-09 02:00:00
1763,2004-11-26 06:00:00
1764,2004-11-26 05:00:00
1765,2004-11-26 04:00:00
1766,2004-11-26 03:00:00
1767,2004-11-26 02:00:00
1774,2007-12-05 10:00:00
1775,2007-12-05 09:00:00
1776,2007-12-05 08:00:00
1777,2007-12-05 07:00:00
1778,2007-12-05 06:00:00
1779,2007-12-05 05:00:00
1780,2007-12-05 04:00:00
1781,2007-12-05 03:00:00
1782,2007-12-05 02:00:00
1783,2007-12-05 01:00:00
1784,2007-12-05 00:00:00
1785,2007-12-04 23:00:00
1792,2008-03-13 12:00:00
1793,2008-03-13 11:00:00
1794,2008-03-13 10:00:00
1795,2008-03-13 09:00:00
1796,2008-03-13 08:00:00
1797,2008-03-13 07:00:00
1798,2008-03-13 06:00:00
1799,2008-03-13 05:00:00
1800,2008-04-06 15:00:00
1801,2008-04-06 14:00:00
1802,2008-04-06 13:00:00
1803,2008-04-06 12:00:00
1804,2008-04-06 11:00:00
1805,2008-04-06 10:00:00
1806,2008-04-06 09:00:00
1807,2008-04-06 08:00:00
1808,2011-02-06 05:00:00
1809,2011-02-06 04:00:00
1810,2011-02-06 03:00:00
1811,2011-02-06 02:00:00
1812,2011-02-06 01:00:00
1813,2011-02-06 00:00:00
1814,2011-02-05 23:00:00
1815,2011-02-05 22:00:00
1816,2011-02-05 21:00:00
1817,2011-02-05 20:00:00
1818,2011-02-05 19:00:00
1819,2011-02-05 18:00:00
1820,2011-02-05 17:00:00
1821,2011-02-05 16:00:00
1822,2011-02-05 15:00:00
1823,2011-02-05 14:00:00
1824,2011-02-05 13:00:00
1825,2011-03-27 06:00:00
1826,2011-03-27 05:00:00
1827,2011-03-27 04:00:00
1828,2011-04-03 01:00:00
1829,2011-04-03 00:00:00
1830,2011-04-02 23:00:00
1831,2011-04-02 22:00:00
1832,2011-04-02 21:00:00
1833,2011-04-02 20:00:00
1834,2011-04-02 19:00:00
1835,2011-04-02 18:00:00
1836,2011-04-02 17:00:00
1837,2011-04-02 16:00:00
1838,2011-04-02 15:00:00
1839,2011-04-02 14:00:00
1840,2011-04-02 13:00:00
1841,2011-04-02 12:00:00
1842,2013-03-20 17:00:00
1843,2013-03-20 16:00:00
1844,2013-03-20 15:00:00
1845,2013-03-20 14:00:00
1846,2013-03-20 13:00:00
1847,2013-03-20 12:00:00
1848,2013-03-20 11:00:00
1849,2014-12-20 23:00:00
1850,2014-12-20 22:00:00
1851,2014-12-20 21:00:00
1857,2014-12-20 15:00:00
1858,2014-12-20 14:00:00
1859,2014-12-20 13:00:00
1860,2017-05-17 01:00:00
1861,2017-05-17 00:00:00
1862,2017-05-16 23:00:00
1863,2017-05-16 22:00:00
1864,2017-05-16 21:00:00
1865,2017-05-16 20:00:00
1866,2017-05-16 19:00:00
1867,2017-05-16 18:00:00
1871,2018-10-10 00:00:00
1872,2018-10-09 23:00:00
1873,2018-10-09 22:00:00
1874,2018-10-09 21:00:00
1875,2018-10-09 20:00:00
1876,2018-10-09 19:00:00
1877,2018-10-09 18:00:00
1883,2018-11-03 08:00:00
1893,2019-06-21 02:00:00
1894,2019-06-21 01:00:00
1895,2019-06-21 00:00:00
1896,2019-06-20 23:00:00
1897,2019-06-20 22:00:00
1898,2019-06-20 21:00:00
1899,2019-06-20 20:00:00
1900,2019-06-20 19:00:00
1901,2019-06-20 18:00:00
1910,2020-02-07 00:00:00
1911,2020-02-06 23:00:00
1912,2020-02-06 22:00:00
1913,2020-02-06 21:00:00
1914,2020-02-06 20:00:00
1915,2020-02-06 19:00:00
1916,2020-02-06 18:00:00
1919,2023-12-02 22:00:00
1930,2002-11-08 22:00:00
1931,2003-03-25 16:00:00
1932,2003-03-25 15:00:00
1933,2003-03-25 14:00:00
1934,2003-03-25 13:00:00
1935,2003-03-25 12:00:00
1936,2003-03-25 11:00:00
1937,2003-03-25 10:00:00
1938,2003-03-25 09:00:00
1956,2005-11-12 02:00:00
1957,2005-11-12 18:00:00
1958,2005-11-12 17:00:00
1959,2005-11-12 16:00:00
1960,2005-11-12 15:00:00
1961,2005-11-12 14:00:00
1962,2005-11-12 13:00:00
1963,2005-11-12 12:00:00
1964,2005-11-12 11:00:00
1965,2005-11-12 10:00:00
1966,2006-10-19 00:00:00
1967,2006-10-18 23:00:00
1970,2007-04-09 16:00:00
1971,2007-04-09 15:00:00
1972,2007-04-09 14:00:00
1973,2007-04-09 13:00:00
1974,2007-04-09 12:00:00
1975,2007-04-09 11:00:00
1976,2007-04-09 10:00:00
1977,2007-04-09 09:00:00
1978,2007-04-09 08:00:00
1979,2007-04-09 07:00:00
1980,2007-12-05 15:00:00
1981,2007-12-05 14:00:00
1982,2007-12-05 13:00:00
1983,2007-12-05 12:00:00
1984,2007-12-05 11:00:00
1996,2008-02-06 18:00:00
1997,2008-02-06 17:00:00
1998,2008-02-06 16:00:00
1999,2008-02-06 15:00:00
2000,2008-02-06 14:00:00
2001,2008-02-06 13:00:00
2002,2008-02-06 12:00:00
2014,2011-04-02 11:00:00
2015,2013-04-29 15:00:00
2016,2013-04-29 14:00:00
2017,2013-04-29 13:00:00
2018,2013-04-29 12:00:00
2019,2013-04-29 11:00:00
2020,2013-04-29 10:00:00
2022,2013-12-01 16:00:00
2023,2013-12-01 15:00:00
2024,2013-12-01 14:00:00
2025,2013-12-01 13:00:00
2033,2014-12-21 07:00:00
2034,2014-12-21 06:00:00
2035,2014-12-21 05:00:00
2036,2014-12-21 04:00:00
2037,2014-12-21 03:00:00
2038,2014-12-21 02:00:00
2039,2018-02-03 19:00:00
2040,2018-02-03 18:00:00
2041,2018-02-03 17:00:00
2048,2019-10-22 15:00:00
2049,2019-10-22 14:00:00
2050,2019-10-22 13:00:00
2051,2019-10-22 12:00:00
2052,2019-10-22 11:00:00
2053,2019-10-22 10:00:00
2054,2019-10-22 09:00:00
2055,2019-10-22 08:00:00
2056,2019-10-22 07:00:00
2057,2019-10-22 06:00:00
2058,2019-10-22 05:00:00
2059,2019-10-22 04:00:00
2060,2019-10-22 03:00:00
2064,2019-12-11 09:00:00
2065,2019-12-11 08:00:00
2066,2019-12-11 07:00:00
2067,2019-12-11 06:00:00
2068,2019-12-11 05:00:00
2069,2019-12-11 04:00:00
2070,2019-12-11 03:00:00
2071,2019-12-11 02:00:00
2072,2019-12-11 01:00:00
2091,2022-01-05 00:00:00
2092,2022-01-04 23:00:00
2093,2022-01-04 22:00:00
2094,2022-01-04 21:00:00
2095,2022-01-04 20:00:00
2096,2022-01-04 19:00:00
2097,2022-01-04 18:00:00
2098,2022-01-04 17:00:00
2099,2022-01-04 16:00:00
2100,2022-01-04 15:00:00
2112,2023-12-02 01:00:00
2113,2023-12-02 00:00:00
2114,2023-12-01 23:00:00
2115,2023-12-01 22:00:00
2116,2023-12-01 21:00:00
2117,2023-12-01 20:00:00
2118,2023-12-01 19:00:00
2119,2023-12-01 18:00:00
2120,2023-12-01 17:00:00
2121,2023-12-01 16:00:00
2122,2010-11-15 04:00:00
2123,2010-11-15 03:00:00
2124,2010-11-15 02:00:00
2125,2010-11-15 01:00:00
2126,2010-11-15 00:00:00
2127,2010-11-14 23:00:00
2128,2010-11-14 22:00:00
2129,2010-11-14 21:00:00
2130,2010-11-14 20:00:00
2131,2010-11-14 19:00:00
2132,2010-11-14 18:00:00
2133,2010-11-14 17:00:00
2134,2010-11-14 16:00:00
2135,2010-11-14 15:00:00
2136,2010-11-14 14:00:00
2137,2010-11-14 13:00:00
2138,2010-11-14 12:00:00
2147,2014-05-09 14:00:00
2148,2014-05-09 13:00:00
2149,2014-05-09 12:00:00
2156,2000-03-14 05:00:00
2157,2000-03-14 04:00:00
2158,2000-03-14 03:00:00
2159,2000-03-14 02:00:00
2160,2000-03-14 01:00:00
2161,2000-03-14 00:00:00
2162,2000-03-13 23:00:00
2163,2000-03-13 22:00:00
2164,2000-03-13 21:00:00
2165,2000-03-13 20:00:00
2166,2000-03-13 19:00:00
2167,2000-03-13 18:00:00
2168,2000-03-13 17:00:00
2169,2000-03-13 16:00:00
2170,2000-03-13 15:00:00
2171,2002-11-09 03:00:00
2173,2017-05-16 17:00:00
2191,2013-04-29 03:00:00
2220,2013-04-29 04:00:00
2230,2016-04-14 17:00:00
2231,2016-04-14 16:00:00
2232,2016-04-14 15:00:00
2233,2016-04-14 14:00:00
2234,2005-03-29 10:00:00
2246,2005-03-28 22:00:00
2247,2005-03-28 21:00:00
2248,2005-03-28 20:00:00
2249,2005-03-28 19:00:00
2250,2005-03-28 18:00:00
2254,2021-02-11 22:00:00
2255,2021-02-11 21:00:00
2256,2021-02-11 20:00:00
2257,2021-02-11 19:00:00
2258,2021-02-11 18:00:00
2259,2021-02-11 17:00:00
2260,2021-02-11 16:00:00
2261,2021-02-11 15:00:00
2262,2021-02-11 14:00:00
2283,2002-03-12 13:00:00
2284,2002-03-12 12:00:00
2285,2002-03-12 11:00:00
2286,2002-03-12 10:00:00
2287,2002-03-12 09:00:00
2296,2006-11-27 13:00:00
2297,2006-11-27 12:00:00
2298,2006-11-27 11:00:00
2299,2006-11-27 10:00:00
2300,2006-11-27 09:00:00
2301,2006-11-27 08:00:00
2302,2006-11-26 03:00:00
2303,2006-11-26 02:00:00
2304,2006-11-26 01:00:00
2339,2013-12-02 12:00:00
2340,2013-12-02 11:00:00
2345,2014-01-29 15:00:00
2346,2014-01-29 14:00:00
2347,2014-01-29 13:00:00
2348,2014-01-29 12:00:00
2349,2014-01-29 11:00:00
2350,2014-01-29 10:00:00
2351,2014-01-29 09:00:00
2352,2014-01-29 08:00:00
2353,2014-01-29 07:00:00
2354,2014-01-29 06:00:00
2355,2014-01-29 05:00:00
2356,2014-01-29 04:00:00
2357,2014-01-29 03:00:00
2358,2014-01-29 02:00:00
2359,2014-01-29 01:00:00
2360,2014-01-29 00:00:00
2361,2014-01-28 23:00:00
2362,2014-01-28 22:00:00
2363,2014-01-28 21:00:00
2364,2014-01-28 20:00:00
2365,2014-01-28 19:00:00
2366,2014-01-28 18:00:00
2367,2014-01-28 17:00:00
2368,2018-04-06 22:00:00
2369,2018-04-06 21:00:00
2370,2018-04-06 20:00:00
2371,2018-04-06 19:00:00
2372,2018-04-06 18:00:00
2397,2000-05-07 15:00:00
2398,2000-05-07 14:00:00
2417,2001-10-07 20:00:00
2418,2001-10-07 19:00:00
2419,2001-10-07 18:00:00
2420,2001-10-07 17:00:00
2421,2001-10-07 16:00:00
2422,2004-11-26 08:00:00
2423,2004-11-26 07:00:00
2432,2006-09-19 12:00:00
2433,2006-09-19 11:00:00
2434,2006-09-19 10:00:00
2435,2006-09-19 09:00:00
2436,2006-09-19 08:00:00
2437,2006-09-19 07:00:00
2438,2006-09-19 06:00:00
2439,2006-09-19 05:00:00
2440,2006-09-19 04:00:00
2441,2006-09-19 03:00:00
2442,2006-09-19 02:00:00
2443,2006-09-19 01:00:00
2463,2010-04-05 07:00:00
2464,2010-04-05 06:00:00
2465,2010-04-05 05:00:00
2466,2010-04-05 04:00:00
2467,2010-04-05 03:00:00
2468,2010-04-05 02:00:00
2469,2010-10-23 18:00:00
2483,2011-02-06 20:00:00
2484,2011-02-06 19:00:00
2485,2011-02-06 18:00:00
2486,2011-02-06 17:00:00
2487,2011-02-06 16:00:00
2488,2011-02-06 15:00:00
2489,2011-02-06 14:00:00
2490,2011-02-06 13:00:00
2491,2011-02-06 12:00:00
2492,2011-02-06 11:00:00
2493,2011-02-06 10:00:00
2494,2011-02-06 09:00:00
2495,2011-02-06 08:00:00
2505,2014-09-30 08:00:00
2518,2014-09-29 19:00:00
2519,2017-09-30 09:00:00
2547,2023-10-11 04:00:00
2548,2023-10-11 03:00:00
2549,2023-10-11 02:00:00
2550,2023-10-11 01:00:00
2551,2023-10-11 00:00:00
2552,2023-10-10 23:00:00
2553,2023-10-10 22:00:00
2554,2023-10-10 21:00:00
2555,2023-10-10 20:00:00
2556,2023-10-10 19:00:00
2557,2023-10-10 18:00:00
2558,2023-10-10 17:00:00
2559,2023-10-10 16:00:00
2570,2023-12-02 11:00:00
2571,2023-12-02 10:00:00
2572,2023-12-02 09:00:00
2573,2005-01-10 08:00:00
2574,2005-01-10 07:00:00
2575,2014-03-05 14:00:00
2576,2014-03-05 13:00:00
2577,2014-03-05 12:00:00
2578,2014-03-05 11:00:00
2579,2014-03-05 10:00:00
2580,2014-03-05 09:00:00
2581,2014-03-05 08:00:00
2582,2014-03-05 07:00:00
2583,2014-03-05 06:00:00
2584,2014-03-05 05:00:00
2585,2014-03-05 04:00:00
2586,2014-03-05 03:00:00
2587,2014-03-05 02:00:00
2588,2014-03-05 01:00:00
2589,2002-02-19 21:00:00
2590,2002-02-19 20:00:00
2591,2002-02-19 19:00:00
2592,2002-02-19 18:00:00
2593,2002-02-19 17:00:00
2594,2002-02-19 16:00:00
2595,2002-02-19 15:00:00
2609,2006-11-12 14:00:00
2610,2006-11-12 13:00:00
2611,2006-11-12 12:00:00
2612,2006-11-12 11:00:00
2613,2006-11-12 10:00:00
2614,2006-11-12 09:00:00
2615,2006-11-12 08:00:00
2629,2009-12-05 21:00:00
2630,2009-12-05 20:00:00
2645,2011-03-27 13:00:00
2646,2014-02-08 21:00:00
2647,2014-02-08 20:00:00
2648,2014-02-08 19:00:00
2649,2014-02-08 18:00:00
2650,2014-02-08 17:00:00
2651,2014-02-08 16:00:00
2652,2014-02-08 15:00:00
2653,2017-01-05 01:00:00
2654,2017-01-05 00:00:00
2655,2017-01-04 23:00:00
2656,2017-01-04 22:00:00
2657,2017-01-04 21:00:00
2666,2019-12-14 03:00:00
2667,2019-12-14 02:00:00
2668,2019-12-14 01:00:00
2669,2019-12-14 00:00:00
2670,2019-12-13 23:00:00
2671,2019-12-13 22:00:00
2672,2019-12-13 21:00:00
2673,2019-12-13 20:00:00
2674,2019-12-13 19:00:00
2689,2022-10-22 10:00:00
2690,2022-10-22 09:00:00
2691,2022-10-22 08:00:00
2692,2022-10-22 07:00:00
2693,2023-03-11 03:00:00
2694,2023-03-11 02:00:00
2695,2023-03-11 01:00:00
2696,2023-03-11 00:00:00
2697,2023-03-10 23:00:00
2698,2023-03-10 22:00:00
2699,2023-03-10 21:00:00
2700,2023-03-10 20:00:00
2732,2007-10-18 14:00:00
2733,2007-10-18 13:00:00
2734,2007-10-18 12:00:00
2735,2007-10-18 11:00:00
2736,2007-10-18 10:00:00
2742,2010-03-30 09:00:00
2743,2010-03-30 08:00:00
2744,2010-03-30 07:00:00
2745,2010-03-30 06:00:00
2746,2010-11-15 19:00:00
2747,2010-11-15 18:00:00
2748,2010-11-15 17:00:00
2749,2010-11-15 16:00:00
2750,2010-11-15 15:00:00
2751,2010-11-15 14:00:00
2752,2010-11-15 13:00:00
2753,2010-11-15 12:00:00
2754,2010-11-15 11:00:00
2755,2010-11-15 10:00:00
2756,2010-11-15 09:00:00
2757,2010-11-15 08:00:00
2758,2010-12-20 03:00:00
2759,2010-12-20 02:00:00
2768,2013-10-01 09:00:00
2769,2013-10-01 08:00:00
2770,2016-04-23 08:00:00
2771,2016-04-23 07:00:00
2772,2016-04-23 06:00:00
2773,2016-04-23 05:00:00
2774,2016-04-23 04:00:00
2775,2016-04-23 03:00:00
2776,2016-04-23 02:00:00
2777,2016-04-23 01:00:00
2778,2016-04-23 00:00:00
2779,2016-04-22 23:00:00
2780,2016-04-22 22:00:00
2781,2016-04-22 21:00:00
2782,2016-04-22 20:00:00
2783,2016-04-22 19:00:00
2784,2016-04-22 18:00:00
2785,2016-04-22 17:00:00
2786,2016-04-22 16:00:00
2787,2016-04-22 15:00:00
2788,2016-04-22 14:00:00
2789,2016-04-22 13:00:00
2790,2016-04-22 12:00:00
2791,2016-04-22 11:00:00
2792,2016-04-22 10:00:00
2793,2016-04-22 09:00:00
2794,2016-04-22 08:00:00
2795,2016-04-22 07:00:00
2796,2017-02-21 20:00:00
2797,2017-11-16 20:00:00
2798,2017-11-16 19:00:00
2799,2017-11-16 18:00:00
2800,2019-10-18 10:00:00
2801,2019-10-18 09:00:00
2802,2019-10-18 08:00:00
2803,2019-10-18 07:00:00
2804,2019-10-18 06:00:00
2805,2019-10-18 05:00:00
2806,2019-10-18 04:00:00
2807,2019-10-18 03:00:00
2808,2019-10-18 02:00:00
2809,2000-01-09 19:00:00
2810,2000-01-09 18:00:00
2811,2000-01-09 17:00:00
2812,2000-01-09 16:00:00
2813,2000-01-09 15:00:00
2814,2000-01-09 14:00:00
2815,2000-01-09 13:00:00
2816,2004-04-20 09:00:00
2817,2004-04-20 08:00:00
2818,2004-04-20 07:00:00
2819,2004-04-20 06:00:00
2820,2004-04-20 05:00:00
2821,2004-04-20 04:00:00
2822,2004-04-20 03:00:00
2831,2004-12-07 18:00:00
2832,2004-12-07 17:00:00
2833,2004-12-07 16:00:00
2834,2004-12-07 15:00:00
2835,2004-12-07 14:00:00
2836,2004-12-07 13:00:00
2837,2004-12-07 12:00:00
2838,2005-11-30 00:00:00
2839,2005-11-29 23:00:00
2840,2005-11-29 22:00:00
2844,2007-10-18 09:00:00
2845,2007-10-18 08:00:00
2846,2007-10-18 07:00:00
2847,2007-10-18 06:00:00
2857,2008-10-20 21:00:00
2858,2008-10-20 20:00:00
2859,2008-10-20 19:00:00
2860,2008-10-20 18:00:00
2861,2008-10-20 17:00:00
2862,2008-10-20 16:00:00
2863,2008-10-20 15:00:00
2864,2008-10-20 14:00:00
2865,2008-10-20 13:00:00
2866,2008-10-20 12:00:00
2867,2008-10-20 11:00:00
2868,2008-10-20 10:00:00
2869,2008-10-20 09:00:00
2870,2008-10-20 08:00:00
2871,2008-10-20 07:00:00
2872,2008-10-20 06:00:00
2873,2008-10-20 05:00:00
2874,2008-10-20 04:00:00
2875,2008-10-20 03:00:00
2876,2008-10-20 02:00:00
2877,2008-10-20 01:00:00
2878,2008-10-20 00:00:00
2879,2008-10-19 23:00:00
2880,2008-10-19 22:00:00
2881,2008-10-19 21:00:00
2882,2008-10-19 20:00:00
2883,2008-10-19 19:00:00
2884,2008-10-19 18:00:00
2885,2008-10-19 17:00:00
2886,2009-01-07 03:00:00
2887,2009-01-07 02:00:00
2888,2009-01-07 01:00:00
2889,2009-01-07 00:00:00
2890,2009-01-06 23:00:00
2891,2009-01-06 22:00:00
2892,2009-01-06 21:00:00
2893,2009-01-06 20:00:00
2894,2009-01-06 19:00:00
2895,2010-04-05 11:00:00
2896,2010-04-05 10:00:00
2897,2010-04-05 09:00:00
2898,2010-04-05 08:00:00
2905,2010-04-05 01:00:00
2906,2010-04-05 00:00:00
2907,2010-04-04 23:00:00
2908,2010-04-04 22:00:00
2909,2010-04-04 21:00:00
2922,2011-04-15 23:00:00
2923,2011-04-15 22:00:00
2924,2011-04-15 21:00:00
2925,2011-04-15 20:00:00
2926,2011-04-15 19:00:00
2927,2011-04-15 18:00:00
2928,2011-04-15 17:00:00
2956,2012-02-19 10:00:00
2957,2012-02-22 01:00:00
2958,2012-02-22 00:00:00
2959,2012-02-21 23:00:00
2960,2012-02-21 22:00:00
2961,2012-02-21 21:00:00
2962,2013-04-13 20:00:00
2963,2013-04-13 19:00:00
2964,2013-04-13 18:00:00
2965,2013-04-13 17:00:00
2985,2013-12-01 23:00:00
2986,2013-12-01 22:00:00
2987,2013-12-01 21:00:00
2988,2013-12-01 20:00:00
2989,2013-12-01 19:00:00
2990,2013-12-01 18:00:00
2996,2014-02-09 02:00:00
2997,2014-02-09 01:00:00
2998,2014-02-09 00:00:00
2999,2014-02-08 23:00:00
3000,2014-02-08 22:00:00
3007,2014-11-24 03:00:00
3008,2014-11-24 02:00:00
3009,2014-11-24 01:00:00
3010,2014-11-24 00:00:00
3011,2014-11-23 23:00:00
3012,2014-11-23 22:00:00
3013,2014-11-23 21:00:00
3017,2015-02-03 20:00:00
3018,2015-02-03 19:00:00
3019,2015-02-03 18:00:00
3020,2015-02-03 17:00:00
3021,2015-02-03 16:00:00
3022,2015-02-03 15:00:00
3023,2015-02-03 14:00:00
3024,2015-02-03 13:00:00
3025,2015-02-03 12:00:00
3026,2015-02-03 11:00:00
3027,2015-02-03 10:00:00
3028,2015-02-03 09:00:00
3029,2015-02-03 08:00:00
3030,2015-02-03 07:00:00
3031,2015-02-03 06:00:00
3032,2015-02-03 05:00:00
3033,2015-02-03 04:00:00
3034,2015-02-03 03:00:00
3035,2015-02-03 02:00:00
3036,2015-02-03 01:00:00
3037,2015-02-03 00:00:00
3038,2015-02-02 23:00:00
3039,2015-02-02 22:00:00
3040,2015-02-02 21:00:00
3041,2015-02-02 20:00:00
3045,2015-12-20 16:00:00
3046,2015-12-20 15:00:00
3047,2015-12-20 14:00:00
3048,2015-12-20 13:00:00
3049,2017-11-16 22:00:00
3050,2017-11-16 21:00:00
3053,2018-11-02 21:00:00
3054,2018-11-02 20:00:00
3055,2022-01-05 23:00:00
3056,2022-01-05 22:00:00
3057,2022-01-05 21:00:00
3058,2022-01-05 20:00:00
3059,2022-01-05 19:00:00
3060,2022-01-05 18:00:00
3061,2022-01-05 17:00:00
3062,2022-01-05 16:00:00
3063,2022-01-05 15:00:00
3072,2013-10-08 06:00:00
3073,2013-10-08 05:00:00
3074,2013-10-08 04:00:00
3078,2015-11-02 18:00:00
3079,2015-11-02 17:00:00
3080,2023-02-21 18:00:00
3081,2023-02-21 17:00:00
3082,2023-02-21 16:00:00
3083,2023-02-21 15:00:00
3084,2023-02-21 14:00:00
3085,2023-02-21 13:00:00
3086,2023-02-21 12:00:00
3087,2023-02-21 11:00:00
3088,2023-02-21 10:00:00
3089,2023-02-21 09:00:00
3090,2014-09-27 01:00:00
3112,2017-01-05 04:00:00
3113,2017-01-05 03:00:00
3114,2017-01-05 02:00:00
3135,2010-10-24 11:00:00
3136,2010-10-24 10:00:00
3137,2010-10-24 09:00:00
3138,2014-02-08 04:00:00
3139,2014-02-08 03:00:00
3140,2014-02-08 02:00:00
3141,2014-02-08 01:00:00
3142,2014-02-08 00:00:00
3146,2014-12-20 10:00:00
3158,2017-04-01 14:00:00
3159,2017-04-01 13:00:00
3160,2017-04-01 12:00:00
3161,2017-04-01 11:00:00
3162,2017-04-01 10:00:00
3163,2017-04-01 09:00:00
3164,2017-04-01 08:00:00
3165,2017-04-01 07:00:00
3166,2017-04-01 06:00:00
3167,2017-04-01 05:00:00
3168,2017-04-01 04:00:00
3169,2017-04-01 03:00:00
3170,2017-04-01 02:00:00
3171,2005-11-13 12:00:00
3172,2005-11-13 11:00:00
3173,2005-11-13 10:00:00
3174,2005-11-13 09:00:00
3175,2005-11-13 08:00:00
3176,2005-11-13 07:00:00
3177,2005-11-13 06:00:00
3178,2005-11-13 05:00:00
3179,2005-11-13 04:00:00
3180,2005-11-13 03:00:00
3181,2005-11-13 02:00:00
3182,2005-11-13 01:00:00
3183,2005-11-13 00:00:00
3184,2005-11-12 23:00:00
3185,2005-11-12 22:00:00
3186,2005-11-12 21:00:00
3187,2006-10-25 02:00:00
3188,2006-10-25 01:00:00
3189,2006-10-25 00:00:00
3190,2006-10-24 23:00:00
3191,2006-10-24 22:00:00
3192,2006-10-24 21:00:00
3193,2006-10-24 20:00:00
3194,2006-10-24 19:00:00
3195,2006-10-24 18:00:00
3196,2006-10-24 17:00:00
3197,2009-10-26 17:00:00
3198,2009-10-26 16:00:00
3199,2009-10-26 15:00:00
3200,2009-10-26 14:00:00
3201,2009-10-26 13:00:00
3202,2009-10-26 12:00:00
3203,2009-10-26 11:00:00
3204,2009-10-26 10:00:00
3205,2009-10-26 09:00:00
3206,2009-10-26 08:00:00
3207,2009-10-26 07:00:00
3208,2009-10-26 06:00:00
3209,2009-10-26 05:00:00
3210,2009-10-26 04:00:00
3211,2009-10-26 03:00:00
3212,2009-10-26 02:00:00
3217,2013-04-13 10:00:00
3218,2013-04-13 09:00:00
3219,2013-04-13 08:00:00
3220,2013-04-13 07:00:00
3221,2019-03-11 16:00:00
3222,2019-03-11 15:00:00
3223,2019-03-11 14:00:00
3224,2019-03-11 13:00:00
3225,2019-03-11 12:00:00
3226,2019-03-11 11:00:00
3227,2019-03-11 10:00:00
3228,2019-03-11 09:00:00
3229,2019-03-11 08:00:00
3230,2019-03-11 07:00:00
3259,2014-04-24 01:00:00
3265,2005-03-28 17:00:00
3266,2005-03-28 16:00:00
3267,2005-03-28 15:00:00
3268,2005-03-28 14:00:00
3269,2005-03-28 13:00:00
3270,2005-03-28 12:00:00
3271,2005-03-28 11:00:00
3272,2005-03-28 10:00:00
3273,2005-03-28 09:00:00
3274,2005-03-28 08:00:00
3275,2005-03-28 07:00:00
3276,2005-03-28 06:00:00
3277,2005-03-28 05:00:00
3278,2005-03-28 04:00:00
3279,2005-03-28 03:00:00
3280,2005-03-28 02:00:00
3281,2005-03-28 01:00:00
3282,2006-09-20 07:00:00
3283,2006-09-20 06:00:00
3284,2006-09-20 05:00:00
3285,2006-09-20 04:00:00
3297,2017-01-04 13:00:00
3298,2017-01-04 12:00:00
3307,2022-10-22 14:00:00
3308,2022-10-22 13:00:00
3309,2022-10-22 12:00:00
3310,2022-10-22 11:00:00
3314,2023-04-23 21:00:00
3315,2023-04-23 20:00:00
3316,2023-04-23 19:00:00
3317,2023-04-23 18:00:00
3335,2012-12-16 02:00:00
3336,2012-12-16 01:00:00
3337,2006-09-21 17:00:00
3338,2006-09-21 16:00:00
3339,2006-09-21 15:00:00
3340,2006-09-21 14:00:00
3341,2006-09-21 13:00:00
3342,2006-09-21 12:00:00
3343,2006-09-21 11:00:00
3344,2006-09-21 10:00:00
3345,2006-09-21 09:00:00
3346,2006-09-21 08:00:00
3347,2006-09-21 07:00:00
3348,2006-09-21 06:00:00
3349,2013-04-08 06:00:00
3350,2013-04-08 05:00:00
3351,2013-04-08 04:00:00
3354,2015-02-27 07:00:00
3355,2015-02-27 06:00:00
3356,2015-02-27 05:00:00
3357,2015-02-27 04:00:00
3358,2020-03-11 19:00:00
3359,2020-03-11 18:00:00
3360,2020-03-11 17:00:00
3361,2020-03-11 16:00:00
3362,2020-03-11 15:00:00
3363,2020-03-11 14:00:00
3364,2020-03-11 13:00:00
3365,2020-03-11 12:00:00
3366,2020-03-11 11:00:00
3367,2020-03-11 10:00:00
3368,2020-03-11 09:00:00
3369,2020-03-11 08:00:00
3370,2020-03-11 07:00:00
3371,2020-03-11 06:00:00
3372,2020-03-11 05:00:00
3373,2020-03-11 04:00:00
3374,2020-03-11 03:00:00
3375,2020-03-11 02:00:00
3376,2020-03-11 01:00:00
